family,beta,step,metric,value,source_run
Cold-start 100%,0.0,0,HumanEval+,0.5,ONPOLICY-SFT-Qwen3-1P7B-COLDSTART-CODE-KODCODE-CTX8K-S1-BETA0-V1_1783319854
Cold-start 100%,0.0,5,HumanEval+,0.5060975609756098,ONPOLICY-SFT-Qwen3-1P7B-COLDSTART-CODE-KODCODE-CTX8K-S1-BETA0-V1_1783319854
Cold-start 100%,0.0,10,HumanEval+,0.47560975609756095,ONPOLICY-SFT-Qwen3-1P7B-COLDSTART-CODE-KODCODE-CTX8K-S1-BETA0-V1_1783319854
Cold-start 100%,0.0,15,HumanEval+,0.4817073170731707,ONPOLICY-SFT-Qwen3-1P7B-COLDSTART-CODE-KODCODE-CTX8K-S1-BETA0-V1_1783319854
Cold-start 100%,0.0,20,HumanEval+,0.5,ONPOLICY-SFT-Qwen3-1P7B-COLDSTART-CODE-KODCODE-CTX8K-S1-BETA0-V1_1783319854
Cold-start 100%,0.0,25,HumanEval+,0.4878048780487805,ONPOLICY-SFT-Qwen3-1P7B-COLDSTART-CODE-KODCODE-CTX8K-S1-BETA0-V1_1783319854
Cold-start 100%,0.0,30,HumanEval+,0.45121951219512196,ONPOLICY-SFT-Qwen3-1P7B-COLDSTART-CODE-KODCODE-CTX8K-S1-BETA0-V1_1783319854
Cold-start 100%,0.0,35,HumanEval+,0.47560975609756095,ONPOLICY-SFT-Qwen3-1P7B-COLDSTART-CODE-KODCODE-CTX8K-S1-BETA0-V1_1783319854
Cold-start 100%,0.0,40,HumanEval+,0.5,ONPOLICY-SFT-Qwen3-1P7B-COLDSTART-CODE-KODCODE-CTX8K-S1-BETA0-V1_1783319854
Cold-start 100%,0.0,45,HumanEval+,0.47560975609756095,ONPOLICY-SFT-Qwen3-1P7B-COLDSTART-CODE-KODCODE-CTX8K-S1-BETA0-V1_1783319854
Cold-start 100%,0.0,50,HumanEval+,0.5,ONPOLICY-SFT-Qwen3-1P7B-COLDSTART-CODE-KODCODE-CTX8K-S1-BETA0-V1_1783319854
Cold-start 100%,0.0,55,HumanEval+,0.4573170731707317,ONPOLICY-SFT-Qwen3-1P7B-COLDSTART-CODE-KODCODE-CTX8K-S1-BETA0-V1_1783319854
Cold-start 100%,0.0,60,HumanEval+,0.4817073170731707,ONPOLICY-SFT-Qwen3-1P7B-COLDSTART-CODE-KODCODE-CTX8K-S1-BETA0-V1_1783319854
Cold-start 100%,0.0,65,HumanEval+,0.4817073170731707,ONPOLICY-SFT-Qwen3-1P7B-COLDSTART-CODE-KODCODE-CTX8K-S1-BETA0-V1_1783319854
Cold-start 100%,0.0,70,HumanEval+,0.5060975609756098,ONPOLICY-SFT-Qwen3-1P7B-COLDSTART-CODE-KODCODE-CTX8K-S1-BETA0-V1_1783319854
Cold-start 100%,0.0,75,HumanEval+,0.5060975609756098,ONPOLICY-SFT-Qwen3-1P7B-COLDSTART-CODE-KODCODE-CTX8K-S1-BETA0-V1_1783319854
Cold-start 100%,0.0,80,HumanEval+,0.5121951219512195,ONPOLICY-SFT-Qwen3-1P7B-COLDSTART-CODE-KODCODE-CTX8K-S1-BETA0-V1_1783319854
Cold-start 100%,0.0,85,HumanEval+,0.5060975609756098,ONPOLICY-SFT-Qwen3-1P7B-COLDSTART-CODE-KODCODE-CTX8K-S1-BETA0-V1_1783319854
Cold-start 100%,0.0,90,HumanEval+,0.4634146341463415,ONPOLICY-SFT-Qwen3-1P7B-COLDSTART-CODE-KODCODE-CTX8K-S1-BETA0-V1_1783319854
Cold-start 100%,0.0,95,HumanEval+,0.4878048780487805,ONPOLICY-SFT-Qwen3-1P7B-COLDSTART-CODE-KODCODE-CTX8K-S1-BETA0-V1_1783319854
Cold-start 100%,0.0,100,HumanEval+,0.5182926829268293,ONPOLICY-SFT-Qwen3-1P7B-COLDSTART-CODE-KODCODE-CTX8K-S1-BETA0-V1_1783319854
Cold-start 100%,0.0,105,HumanEval+,0.4817073170731707,ONPOLICY-SFT-Qwen3-1P7B-COLDSTART-CODE-KODCODE-CTX8K-S1-BETA0-V1_1783319854
Cold-start 100%,0.0,110,HumanEval+,0.4695121951219512,ONPOLICY-SFT-Qwen3-1P7B-COLDSTART-CODE-KODCODE-CTX8K-S1-BETA0-V1_1783319854
Cold-start 100%,0.0,115,HumanEval+,0.5182926829268293,ONPOLICY-SFT-Qwen3-1P7B-COLDSTART-CODE-KODCODE-CTX8K-S1-BETA0-V1_1783319854
Cold-start 100%,0.0,120,HumanEval+,0.5182926829268293,ONPOLICY-SFT-Qwen3-1P7B-COLDSTART-CODE-KODCODE-CTX8K-S1-BETA0-V1_1783319854
Cold-start 100%,0.0,125,HumanEval+,0.4878048780487805,ONPOLICY-SFT-Qwen3-1P7B-COLDSTART-CODE-KODCODE-CTX8K-S1-BETA0-V1_1783319854
Cold-start 100%,0.0,130,HumanEval+,0.5182926829268293,ONPOLICY-SFT-Qwen3-1P7B-COLDSTART-CODE-KODCODE-CTX8K-S1-BETA0-V1_1783319854
Cold-start 100%,0.0,135,HumanEval+,0.4817073170731707,ONPOLICY-SFT-Qwen3-1P7B-COLDSTART-CODE-KODCODE-CTX8K-S1-BETA0-V1_1783319854
Cold-start 100%,0.0,140,HumanEval+,0.49390243902439024,ONPOLICY-SFT-Qwen3-1P7B-COLDSTART-CODE-KODCODE-CTX8K-S1-BETA0-V1_1783319854
Cold-start 100%,0.0,145,HumanEval+,0.47560975609756095,ONPOLICY-SFT-Qwen3-1P7B-COLDSTART-CODE-KODCODE-CTX8K-S1-BETA0-V1_1783319854
Cold-start 100%,0.0,150,HumanEval+,0.5,ONPOLICY-SFT-Qwen3-1P7B-COLDSTART-CODE-KODCODE-CTX8K-S1-BETA0-V1_1783319854
Cold-start 100%,0.1,0,HumanEval+,0.4634146341463415,ONPOLICY-SFT-Qwen3-1P7B-COLDSTART-CODE-KODCODE-CTX8K-S1-BETA01-V1_1783329189
Cold-start 100%,0.1,5,HumanEval+,0.5,ONPOLICY-SFT-Qwen3-1P7B-COLDSTART-CODE-KODCODE-CTX8K-S1-BETA01-V1_1783329189
Cold-start 100%,0.1,10,HumanEval+,0.4451219512195122,ONPOLICY-SFT-Qwen3-1P7B-COLDSTART-CODE-KODCODE-CTX8K-S1-BETA01-V1_1783329189
Cold-start 100%,0.1,15,HumanEval+,0.5060975609756098,ONPOLICY-SFT-Qwen3-1P7B-COLDSTART-CODE-KODCODE-CTX8K-S1-BETA01-V1_1783329189
Cold-start 100%,0.1,20,HumanEval+,0.49390243902439024,ONPOLICY-SFT-Qwen3-1P7B-COLDSTART-CODE-KODCODE-CTX8K-S1-BETA01-V1_1783329189
Cold-start 100%,0.1,25,HumanEval+,0.49390243902439024,ONPOLICY-SFT-Qwen3-1P7B-COLDSTART-CODE-KODCODE-CTX8K-S1-BETA01-V1_1783329189
Cold-start 100%,0.1,30,HumanEval+,0.5121951219512195,ONPOLICY-SFT-Qwen3-1P7B-COLDSTART-CODE-KODCODE-CTX8K-S1-BETA01-V1_1783329189
Cold-start 100%,0.1,35,HumanEval+,0.47560975609756095,ONPOLICY-SFT-Qwen3-1P7B-COLDSTART-CODE-KODCODE-CTX8K-S1-BETA01-V1_1783329189
Cold-start 100%,0.1,40,HumanEval+,0.5060975609756098,ONPOLICY-SFT-Qwen3-1P7B-COLDSTART-CODE-KODCODE-CTX8K-S1-BETA01-V1_1783329189
Cold-start 100%,0.1,45,HumanEval+,0.4817073170731707,ONPOLICY-SFT-Qwen3-1P7B-COLDSTART-CODE-KODCODE-CTX8K-S1-BETA01-V1_1783329189
Cold-start 100%,0.1,50,HumanEval+,0.4878048780487805,ONPOLICY-SFT-Qwen3-1P7B-COLDSTART-CODE-KODCODE-CTX8K-S1-BETA01-V1_1783329189
Cold-start 100%,0.1,55,HumanEval+,0.4878048780487805,ONPOLICY-SFT-Qwen3-1P7B-COLDSTART-CODE-KODCODE-CTX8K-S1-BETA01-V1_1783329189
Cold-start 100%,0.1,60,HumanEval+,0.4817073170731707,ONPOLICY-SFT-Qwen3-1P7B-COLDSTART-CODE-KODCODE-CTX8K-S1-BETA01-V1_1783329189
Cold-start 100%,0.1,65,HumanEval+,0.49390243902439024,ONPOLICY-SFT-Qwen3-1P7B-COLDSTART-CODE-KODCODE-CTX8K-S1-BETA01-V1_1783329189
Cold-start 100%,0.1,70,HumanEval+,0.5,ONPOLICY-SFT-Qwen3-1P7B-COLDSTART-CODE-KODCODE-CTX8K-S1-BETA01-V1_1783329189
Cold-start 100%,0.1,75,HumanEval+,0.47560975609756095,ONPOLICY-SFT-Qwen3-1P7B-COLDSTART-CODE-KODCODE-CTX8K-S1-BETA01-V1_1783329189
Cold-start 100%,0.1,80,HumanEval+,0.4817073170731707,ONPOLICY-SFT-Qwen3-1P7B-COLDSTART-CODE-KODCODE-CTX8K-S1-BETA01-V1_1783329189
Cold-start 100%,0.1,85,HumanEval+,0.5,ONPOLICY-SFT-Qwen3-1P7B-COLDSTART-CODE-KODCODE-CTX8K-S1-BETA01-V1_1783329189
Cold-start 100%,0.1,90,HumanEval+,0.5060975609756098,ONPOLICY-SFT-Qwen3-1P7B-COLDSTART-CODE-KODCODE-CTX8K-S1-BETA01-V1_1783329189
Cold-start 100%,0.1,95,HumanEval+,0.5182926829268293,ONPOLICY-SFT-Qwen3-1P7B-COLDSTART-CODE-KODCODE-CTX8K-S1-BETA01-V1_1783329189
Cold-start 100%,0.1,100,HumanEval+,0.5121951219512195,ONPOLICY-SFT-Qwen3-1P7B-COLDSTART-CODE-KODCODE-CTX8K-S1-BETA01-V1_1783329189
Cold-start 100%,0.1,105,HumanEval+,0.49390243902439024,ONPOLICY-SFT-Qwen3-1P7B-COLDSTART-CODE-KODCODE-CTX8K-S1-BETA01-V1_1783329189
Cold-start 100%,0.1,110,HumanEval+,0.5060975609756098,ONPOLICY-SFT-Qwen3-1P7B-COLDSTART-CODE-KODCODE-CTX8K-S1-BETA01-V1_1783329189
Cold-start 100%,0.1,115,HumanEval+,0.524390243902439,ONPOLICY-SFT-Qwen3-1P7B-COLDSTART-CODE-KODCODE-CTX8K-S1-BETA01-V1_1783329189
Cold-start 100%,0.1,120,HumanEval+,0.5,ONPOLICY-SFT-Qwen3-1P7B-COLDSTART-CODE-KODCODE-CTX8K-S1-BETA01-V1_1783329189
Cold-start 100%,0.1,125,HumanEval+,0.4634146341463415,ONPOLICY-SFT-Qwen3-1P7B-COLDSTART-CODE-KODCODE-CTX8K-S1-BETA01-V1_1783329189
Cold-start 100%,0.1,130,HumanEval+,0.47560975609756095,ONPOLICY-SFT-Qwen3-1P7B-COLDSTART-CODE-KODCODE-CTX8K-S1-BETA01-V1_1783329189
Cold-start 100%,0.1,135,HumanEval+,0.5060975609756098,ONPOLICY-SFT-Qwen3-1P7B-COLDSTART-CODE-KODCODE-CTX8K-S1-BETA01-V1_1783329189
Cold-start 100%,0.1,140,HumanEval+,0.4817073170731707,ONPOLICY-SFT-Qwen3-1P7B-COLDSTART-CODE-KODCODE-CTX8K-S1-BETA01-V1_1783329189
Cold-start 100%,0.1,145,HumanEval+,0.49390243902439024,ONPOLICY-SFT-Qwen3-1P7B-COLDSTART-CODE-KODCODE-CTX8K-S1-BETA01-V1_1783329189
Cold-start 100%,0.1,150,HumanEval+,0.5,ONPOLICY-SFT-Qwen3-1P7B-COLDSTART-CODE-KODCODE-CTX8K-S1-BETA01-V1_1783329189
Cold-start 25%,0.0,0,HumanEval+,0.4634146341463415,ONPOLICY-SFT-Qwen3-1P7B-COLDSTART-FRAC25-CODE-KODCODE-CTX8K-S1-BETA0-V1_1783416222
Cold-start 25%,0.0,5,HumanEval+,0.4451219512195122,ONPOLICY-SFT-Qwen3-1P7B-COLDSTART-FRAC25-CODE-KODCODE-CTX8K-S1-BETA0-V1_1783416222
Cold-start 25%,0.0,10,HumanEval+,0.4329268292682927,ONPOLICY-SFT-Qwen3-1P7B-COLDSTART-FRAC25-CODE-KODCODE-CTX8K-S1-BETA0-V1_1783416222
Cold-start 25%,0.0,15,HumanEval+,0.4329268292682927,ONPOLICY-SFT-Qwen3-1P7B-COLDSTART-FRAC25-CODE-KODCODE-CTX8K-S1-BETA0-V1_1783416222
Cold-start 25%,0.0,20,HumanEval+,0.4878048780487805,ONPOLICY-SFT-Qwen3-1P7B-COLDSTART-FRAC25-CODE-KODCODE-CTX8K-S1-BETA0-V1_1783416222
Cold-start 25%,0.0,25,HumanEval+,0.45121951219512196,ONPOLICY-SFT-Qwen3-1P7B-COLDSTART-FRAC25-CODE-KODCODE-CTX8K-S1-BETA0-V1_1783416222
Cold-start 25%,0.0,30,HumanEval+,0.4634146341463415,ONPOLICY-SFT-Qwen3-1P7B-COLDSTART-FRAC25-CODE-KODCODE-CTX8K-S1-BETA0-V1_1783416222
Cold-start 25%,0.0,35,HumanEval+,0.45121951219512196,ONPOLICY-SFT-Qwen3-1P7B-COLDSTART-FRAC25-CODE-KODCODE-CTX8K-S1-BETA0-V1_1783416222
Cold-start 25%,0.0,40,HumanEval+,0.45121951219512196,ONPOLICY-SFT-Qwen3-1P7B-COLDSTART-FRAC25-CODE-KODCODE-CTX8K-S1-BETA0-V1_1783416222
Cold-start 25%,0.0,45,HumanEval+,0.4268292682926829,ONPOLICY-SFT-Qwen3-1P7B-COLDSTART-FRAC25-CODE-KODCODE-CTX8K-S1-BETA0-V1_1783416222
Cold-start 25%,0.0,50,HumanEval+,0.4634146341463415,ONPOLICY-SFT-Qwen3-1P7B-COLDSTART-FRAC25-CODE-KODCODE-CTX8K-S1-BETA0-V1_1783416222
Cold-start 25%,0.0,55,HumanEval+,0.4451219512195122,ONPOLICY-SFT-Qwen3-1P7B-COLDSTART-FRAC25-CODE-KODCODE-CTX8K-S1-BETA0-V1_1783416222
Cold-start 25%,0.0,60,HumanEval+,0.4634146341463415,ONPOLICY-SFT-Qwen3-1P7B-COLDSTART-FRAC25-CODE-KODCODE-CTX8K-S1-BETA0-V1_1783416222
Cold-start 25%,0.0,65,HumanEval+,0.4573170731707317,ONPOLICY-SFT-Qwen3-1P7B-COLDSTART-FRAC25-CODE-KODCODE-CTX8K-S1-BETA0-V1_1783416222
Cold-start 25%,0.0,70,HumanEval+,0.4878048780487805,ONPOLICY-SFT-Qwen3-1P7B-COLDSTART-FRAC25-CODE-KODCODE-CTX8K-S1-BETA0-V1_1783416222
Cold-start 25%,0.0,75,HumanEval+,0.4695121951219512,ONPOLICY-SFT-Qwen3-1P7B-COLDSTART-FRAC25-CODE-KODCODE-CTX8K-S1-BETA0-V1_1783416222
Cold-start 25%,0.0,80,HumanEval+,0.4817073170731707,ONPOLICY-SFT-Qwen3-1P7B-COLDSTART-FRAC25-CODE-KODCODE-CTX8K-S1-BETA0-V1_1783416222
Cold-start 25%,0.0,85,HumanEval+,0.4634146341463415,ONPOLICY-SFT-Qwen3-1P7B-COLDSTART-FRAC25-CODE-KODCODE-CTX8K-S1-BETA0-V1_1783416222
Cold-start 25%,0.0,90,HumanEval+,0.4878048780487805,ONPOLICY-SFT-Qwen3-1P7B-COLDSTART-FRAC25-CODE-KODCODE-CTX8K-S1-BETA0-V1_1783416222
Cold-start 25%,0.0,95,HumanEval+,0.4695121951219512,ONPOLICY-SFT-Qwen3-1P7B-COLDSTART-FRAC25-CODE-KODCODE-CTX8K-S1-BETA0-V1_1783416222
Cold-start 25%,0.0,100,HumanEval+,0.45121951219512196,ONPOLICY-SFT-Qwen3-1P7B-COLDSTART-FRAC25-CODE-KODCODE-CTX8K-S1-BETA0-V1_1783416222
Cold-start 25%,0.0,105,HumanEval+,0.4878048780487805,ONPOLICY-SFT-Qwen3-1P7B-COLDSTART-FRAC25-CODE-KODCODE-CTX8K-S1-BETA0-V1_1783416222
Cold-start 25%,0.0,110,HumanEval+,0.4817073170731707,ONPOLICY-SFT-Qwen3-1P7B-COLDSTART-FRAC25-CODE-KODCODE-CTX8K-S1-BETA0-V1_1783416222
Cold-start 25%,0.0,115,HumanEval+,0.47560975609756095,ONPOLICY-SFT-Qwen3-1P7B-COLDSTART-FRAC25-CODE-KODCODE-CTX8K-S1-BETA0-V1_1783416222
Cold-start 25%,0.0,120,HumanEval+,0.4695121951219512,ONPOLICY-SFT-Qwen3-1P7B-COLDSTART-FRAC25-CODE-KODCODE-CTX8K-S1-BETA0-V1_1783416222
Cold-start 25%,0.0,125,HumanEval+,0.49390243902439024,ONPOLICY-SFT-Qwen3-1P7B-COLDSTART-FRAC25-CODE-KODCODE-CTX8K-S1-BETA0-V1_1783416222
Cold-start 25%,0.0,130,HumanEval+,0.4634146341463415,ONPOLICY-SFT-Qwen3-1P7B-COLDSTART-FRAC25-CODE-KODCODE-CTX8K-S1-BETA0-V1_1783416222
Cold-start 25%,0.0,135,HumanEval+,0.49390243902439024,ONPOLICY-SFT-Qwen3-1P7B-COLDSTART-FRAC25-CODE-KODCODE-CTX8K-S1-BETA0-V1_1783416222
Cold-start 25%,0.0,140,HumanEval+,0.5121951219512195,ONPOLICY-SFT-Qwen3-1P7B-COLDSTART-FRAC25-CODE-KODCODE-CTX8K-S1-BETA0-V1_1783416222
Cold-start 25%,0.0,145,HumanEval+,0.5,ONPOLICY-SFT-Qwen3-1P7B-COLDSTART-FRAC25-CODE-KODCODE-CTX8K-S1-BETA0-V1_1783416222
Cold-start 25%,0.0,150,HumanEval+,0.4878048780487805,ONPOLICY-SFT-Qwen3-1P7B-COLDSTART-FRAC25-CODE-KODCODE-CTX8K-S1-BETA0-V1_1783416222
Cold-start 25%,0.1,0,HumanEval+,0.5,ONPOLICY-SFT-Qwen3-1P7B-COLDSTART-FRAC25-CODE-KODCODE-CTX8K-S1-BETA01-V1_1783425947
Cold-start 25%,0.1,5,HumanEval+,0.47560975609756095,ONPOLICY-SFT-Qwen3-1P7B-COLDSTART-FRAC25-CODE-KODCODE-CTX8K-S1-BETA01-V1_1783425947
Cold-start 25%,0.1,10,HumanEval+,0.4695121951219512,ONPOLICY-SFT-Qwen3-1P7B-COLDSTART-FRAC25-CODE-KODCODE-CTX8K-S1-BETA01-V1_1783425947
Cold-start 25%,0.1,15,HumanEval+,0.43902439024390244,ONPOLICY-SFT-Qwen3-1P7B-COLDSTART-FRAC25-CODE-KODCODE-CTX8K-S1-BETA01-V1_1783425947
Cold-start 25%,0.1,20,HumanEval+,0.47560975609756095,ONPOLICY-SFT-Qwen3-1P7B-COLDSTART-FRAC25-CODE-KODCODE-CTX8K-S1-BETA01-V1_1783425947
Cold-start 25%,0.1,25,HumanEval+,0.49390243902439024,ONPOLICY-SFT-Qwen3-1P7B-COLDSTART-FRAC25-CODE-KODCODE-CTX8K-S1-BETA01-V1_1783425947
Cold-start 25%,0.1,30,HumanEval+,0.4695121951219512,ONPOLICY-SFT-Qwen3-1P7B-COLDSTART-FRAC25-CODE-KODCODE-CTX8K-S1-BETA01-V1_1783425947
Cold-start 25%,0.1,35,HumanEval+,0.4878048780487805,ONPOLICY-SFT-Qwen3-1P7B-COLDSTART-FRAC25-CODE-KODCODE-CTX8K-S1-BETA01-V1_1783425947
Cold-start 25%,0.1,40,HumanEval+,0.47560975609756095,ONPOLICY-SFT-Qwen3-1P7B-COLDSTART-FRAC25-CODE-KODCODE-CTX8K-S1-BETA01-V1_1783425947
Cold-start 25%,0.1,45,HumanEval+,0.45121951219512196,ONPOLICY-SFT-Qwen3-1P7B-COLDSTART-FRAC25-CODE-KODCODE-CTX8K-S1-BETA01-V1_1783425947
Cold-start 25%,0.1,50,HumanEval+,0.47560975609756095,ONPOLICY-SFT-Qwen3-1P7B-COLDSTART-FRAC25-CODE-KODCODE-CTX8K-S1-BETA01-V1_1783425947
Cold-start 25%,0.1,55,HumanEval+,0.4634146341463415,ONPOLICY-SFT-Qwen3-1P7B-COLDSTART-FRAC25-CODE-KODCODE-CTX8K-S1-BETA01-V1_1783425947
Cold-start 25%,0.1,60,HumanEval+,0.4817073170731707,ONPOLICY-SFT-Qwen3-1P7B-COLDSTART-FRAC25-CODE-KODCODE-CTX8K-S1-BETA01-V1_1783425947
Cold-start 25%,0.1,65,HumanEval+,0.45121951219512196,ONPOLICY-SFT-Qwen3-1P7B-COLDSTART-FRAC25-CODE-KODCODE-CTX8K-S1-BETA01-V1_1783425947
Cold-start 25%,0.1,70,HumanEval+,0.45121951219512196,ONPOLICY-SFT-Qwen3-1P7B-COLDSTART-FRAC25-CODE-KODCODE-CTX8K-S1-BETA01-V1_1783425947
Cold-start 25%,0.1,75,HumanEval+,0.4695121951219512,ONPOLICY-SFT-Qwen3-1P7B-COLDSTART-FRAC25-CODE-KODCODE-CTX8K-S1-BETA01-V1_1783425947
Cold-start 25%,0.1,80,HumanEval+,0.5060975609756098,ONPOLICY-SFT-Qwen3-1P7B-COLDSTART-FRAC25-CODE-KODCODE-CTX8K-S1-BETA01-V1_1783425947
Cold-start 25%,0.1,85,HumanEval+,0.5,ONPOLICY-SFT-Qwen3-1P7B-COLDSTART-FRAC25-CODE-KODCODE-CTX8K-S1-BETA01-V1_1783425947
Cold-start 25%,0.1,90,HumanEval+,0.45121951219512196,ONPOLICY-SFT-Qwen3-1P7B-COLDSTART-FRAC25-CODE-KODCODE-CTX8K-S1-BETA01-V1_1783425947
Cold-start 25%,0.1,95,HumanEval+,0.47560975609756095,ONPOLICY-SFT-Qwen3-1P7B-COLDSTART-FRAC25-CODE-KODCODE-CTX8K-S1-BETA01-V1_1783425947
Cold-start 25%,0.1,100,HumanEval+,0.5,ONPOLICY-SFT-Qwen3-1P7B-COLDSTART-FRAC25-CODE-KODCODE-CTX8K-S1-BETA01-V1_1783425947
Cold-start 25%,0.1,105,HumanEval+,0.47560975609756095,ONPOLICY-SFT-Qwen3-1P7B-COLDSTART-FRAC25-CODE-KODCODE-CTX8K-S1-BETA01-V1_1783425947
Cold-start 25%,0.1,110,HumanEval+,0.49390243902439024,ONPOLICY-SFT-Qwen3-1P7B-COLDSTART-FRAC25-CODE-KODCODE-CTX8K-S1-BETA01-V1_1783425947
Cold-start 25%,0.1,115,HumanEval+,0.4817073170731707,ONPOLICY-SFT-Qwen3-1P7B-COLDSTART-FRAC25-CODE-KODCODE-CTX8K-S1-BETA01-V1_1783425947
Cold-start 25%,0.1,120,HumanEval+,0.5121951219512195,ONPOLICY-SFT-Qwen3-1P7B-COLDSTART-FRAC25-CODE-KODCODE-CTX8K-S1-BETA01-V1_1783425947
Cold-start 25%,0.1,125,HumanEval+,0.47560975609756095,ONPOLICY-SFT-Qwen3-1P7B-COLDSTART-FRAC25-CODE-KODCODE-CTX8K-S1-BETA01-V1_1783425947
Cold-start 25%,0.1,130,HumanEval+,0.524390243902439,ONPOLICY-SFT-Qwen3-1P7B-COLDSTART-FRAC25-CODE-KODCODE-CTX8K-S1-BETA01-V1_1783425947
Cold-start 25%,0.1,135,HumanEval+,0.5121951219512195,ONPOLICY-SFT-Qwen3-1P7B-COLDSTART-FRAC25-CODE-KODCODE-CTX8K-S1-BETA01-V1_1783425947
Cold-start 25%,0.1,140,HumanEval+,0.4817073170731707,ONPOLICY-SFT-Qwen3-1P7B-COLDSTART-FRAC25-CODE-KODCODE-CTX8K-S1-BETA01-V1_1783425947
Cold-start 25%,0.1,145,HumanEval+,0.49390243902439024,ONPOLICY-SFT-Qwen3-1P7B-COLDSTART-FRAC25-CODE-KODCODE-CTX8K-S1-BETA01-V1_1783425947
Cold-start 25%,0.1,150,HumanEval+,0.4878048780487805,ONPOLICY-SFT-Qwen3-1P7B-COLDSTART-FRAC25-CODE-KODCODE-CTX8K-S1-BETA01-V1_1783425947
Cold-start 50%,0.0,0,HumanEval+,0.524390243902439,ONPOLICY-SFT-Qwen3-1P7B-COLDSTART-FRAC50-CODE-KODCODE-CTX8K-S1-BETA0-V1_1783435522
Cold-start 50%,0.0,5,HumanEval+,0.5182926829268293,ONPOLICY-SFT-Qwen3-1P7B-COLDSTART-FRAC50-CODE-KODCODE-CTX8K-S1-BETA0-V1_1783435522
Cold-start 50%,0.0,10,HumanEval+,0.49390243902439024,ONPOLICY-SFT-Qwen3-1P7B-COLDSTART-FRAC50-CODE-KODCODE-CTX8K-S1-BETA0-V1_1783435522
Cold-start 50%,0.0,15,HumanEval+,0.5,ONPOLICY-SFT-Qwen3-1P7B-COLDSTART-FRAC50-CODE-KODCODE-CTX8K-S1-BETA0-V1_1783435522
Cold-start 50%,0.0,20,HumanEval+,0.4695121951219512,ONPOLICY-SFT-Qwen3-1P7B-COLDSTART-FRAC50-CODE-KODCODE-CTX8K-S1-BETA0-V1_1783435522
Cold-start 50%,0.0,25,HumanEval+,0.4878048780487805,ONPOLICY-SFT-Qwen3-1P7B-COLDSTART-FRAC50-CODE-KODCODE-CTX8K-S1-BETA0-V1_1783435522
Cold-start 50%,0.0,30,HumanEval+,0.5121951219512195,ONPOLICY-SFT-Qwen3-1P7B-COLDSTART-FRAC50-CODE-KODCODE-CTX8K-S1-BETA0-V1_1783435522
Cold-start 50%,0.0,35,HumanEval+,0.47560975609756095,ONPOLICY-SFT-Qwen3-1P7B-COLDSTART-FRAC50-CODE-KODCODE-CTX8K-S1-BETA0-V1_1783435522
Cold-start 50%,0.0,40,HumanEval+,0.5060975609756098,ONPOLICY-SFT-Qwen3-1P7B-COLDSTART-FRAC50-CODE-KODCODE-CTX8K-S1-BETA0-V1_1783435522
Cold-start 50%,0.0,45,HumanEval+,0.524390243902439,ONPOLICY-SFT-Qwen3-1P7B-COLDSTART-FRAC50-CODE-KODCODE-CTX8K-S1-BETA0-V1_1783435522
Cold-start 50%,0.0,50,HumanEval+,0.49390243902439024,ONPOLICY-SFT-Qwen3-1P7B-COLDSTART-FRAC50-CODE-KODCODE-CTX8K-S1-BETA0-V1_1783435522
Cold-start 50%,0.0,55,HumanEval+,0.4817073170731707,ONPOLICY-SFT-Qwen3-1P7B-COLDSTART-FRAC50-CODE-KODCODE-CTX8K-S1-BETA0-V1_1783435522
Cold-start 50%,0.0,60,HumanEval+,0.45121951219512196,ONPOLICY-SFT-Qwen3-1P7B-COLDSTART-FRAC50-CODE-KODCODE-CTX8K-S1-BETA0-V1_1783435522
Cold-start 50%,0.0,65,HumanEval+,0.5,ONPOLICY-SFT-Qwen3-1P7B-COLDSTART-FRAC50-CODE-KODCODE-CTX8K-S1-BETA0-V1_1783435522
Cold-start 50%,0.0,70,HumanEval+,0.5304878048780488,ONPOLICY-SFT-Qwen3-1P7B-COLDSTART-FRAC50-CODE-KODCODE-CTX8K-S1-BETA0-V1_1783435522
Cold-start 50%,0.0,75,HumanEval+,0.4695121951219512,ONPOLICY-SFT-Qwen3-1P7B-COLDSTART-FRAC50-CODE-KODCODE-CTX8K-S1-BETA0-V1_1783435522
Cold-start 50%,0.0,80,HumanEval+,0.4878048780487805,ONPOLICY-SFT-Qwen3-1P7B-COLDSTART-FRAC50-CODE-KODCODE-CTX8K-S1-BETA0-V1_1783435522
Cold-start 50%,0.0,85,HumanEval+,0.5365853658536586,ONPOLICY-SFT-Qwen3-1P7B-COLDSTART-FRAC50-CODE-KODCODE-CTX8K-S1-BETA0-V1_1783435522
Cold-start 50%,0.0,90,HumanEval+,0.5060975609756098,ONPOLICY-SFT-Qwen3-1P7B-COLDSTART-FRAC50-CODE-KODCODE-CTX8K-S1-BETA0-V1_1783435522
Cold-start 50%,0.0,95,HumanEval+,0.5060975609756098,ONPOLICY-SFT-Qwen3-1P7B-COLDSTART-FRAC50-CODE-KODCODE-CTX8K-S1-BETA0-V1_1783435522
Cold-start 50%,0.0,100,HumanEval+,0.4878048780487805,ONPOLICY-SFT-Qwen3-1P7B-COLDSTART-FRAC50-CODE-KODCODE-CTX8K-S1-BETA0-V1_1783435522
Cold-start 50%,0.0,105,HumanEval+,0.4695121951219512,ONPOLICY-SFT-Qwen3-1P7B-COLDSTART-FRAC50-CODE-KODCODE-CTX8K-S1-BETA0-V1_1783435522
Cold-start 50%,0.0,110,HumanEval+,0.49390243902439024,ONPOLICY-SFT-Qwen3-1P7B-COLDSTART-FRAC50-CODE-KODCODE-CTX8K-S1-BETA0-V1_1783435522
Cold-start 50%,0.0,115,HumanEval+,0.5060975609756098,ONPOLICY-SFT-Qwen3-1P7B-COLDSTART-FRAC50-CODE-KODCODE-CTX8K-S1-BETA0-V1_1783435522
Cold-start 50%,0.0,120,HumanEval+,0.4878048780487805,ONPOLICY-SFT-Qwen3-1P7B-COLDSTART-FRAC50-CODE-KODCODE-CTX8K-S1-BETA0-V1_1783435522
Cold-start 50%,0.0,125,HumanEval+,0.5182926829268293,ONPOLICY-SFT-Qwen3-1P7B-COLDSTART-FRAC50-CODE-KODCODE-CTX8K-S1-BETA0-V1_1783435522
Cold-start 50%,0.0,130,HumanEval+,0.5060975609756098,ONPOLICY-SFT-Qwen3-1P7B-COLDSTART-FRAC50-CODE-KODCODE-CTX8K-S1-BETA0-V1_1783435522
Cold-start 50%,0.0,135,HumanEval+,0.5121951219512195,ONPOLICY-SFT-Qwen3-1P7B-COLDSTART-FRAC50-CODE-KODCODE-CTX8K-S1-BETA0-V1_1783435522
Cold-start 50%,0.0,140,HumanEval+,0.5121951219512195,ONPOLICY-SFT-Qwen3-1P7B-COLDSTART-FRAC50-CODE-KODCODE-CTX8K-S1-BETA0-V1_1783435522
Cold-start 50%,0.0,145,HumanEval+,0.49390243902439024,ONPOLICY-SFT-Qwen3-1P7B-COLDSTART-FRAC50-CODE-KODCODE-CTX8K-S1-BETA0-V1_1783435522
Cold-start 50%,0.0,150,HumanEval+,0.5060975609756098,ONPOLICY-SFT-Qwen3-1P7B-COLDSTART-FRAC50-CODE-KODCODE-CTX8K-S1-BETA0-V1_1783435522
Cold-start 50%,0.1,0,HumanEval+,0.49390243902439024,ONPOLICY-SFT-Qwen3-1P7B-COLDSTART-FRAC50-CODE-KODCODE-CTX8K-S1-BETA01-V1_1783444888
Cold-start 50%,0.1,5,HumanEval+,0.5121951219512195,ONPOLICY-SFT-Qwen3-1P7B-COLDSTART-FRAC50-CODE-KODCODE-CTX8K-S1-BETA01-V1_1783444888
Cold-start 50%,0.1,10,HumanEval+,0.49390243902439024,ONPOLICY-SFT-Qwen3-1P7B-COLDSTART-FRAC50-CODE-KODCODE-CTX8K-S1-BETA01-V1_1783444888
Cold-start 50%,0.1,15,HumanEval+,0.4451219512195122,ONPOLICY-SFT-Qwen3-1P7B-COLDSTART-FRAC50-CODE-KODCODE-CTX8K-S1-BETA01-V1_1783444888
Cold-start 50%,0.1,20,HumanEval+,0.4817073170731707,ONPOLICY-SFT-Qwen3-1P7B-COLDSTART-FRAC50-CODE-KODCODE-CTX8K-S1-BETA01-V1_1783444888
Cold-start 50%,0.1,25,HumanEval+,0.4817073170731707,ONPOLICY-SFT-Qwen3-1P7B-COLDSTART-FRAC50-CODE-KODCODE-CTX8K-S1-BETA01-V1_1783444888
Cold-start 50%,0.1,30,HumanEval+,0.5060975609756098,ONPOLICY-SFT-Qwen3-1P7B-COLDSTART-FRAC50-CODE-KODCODE-CTX8K-S1-BETA01-V1_1783444888
Cold-start 50%,0.1,35,HumanEval+,0.4878048780487805,ONPOLICY-SFT-Qwen3-1P7B-COLDSTART-FRAC50-CODE-KODCODE-CTX8K-S1-BETA01-V1_1783444888
Cold-start 50%,0.1,40,HumanEval+,0.4878048780487805,ONPOLICY-SFT-Qwen3-1P7B-COLDSTART-FRAC50-CODE-KODCODE-CTX8K-S1-BETA01-V1_1783444888
Cold-start 50%,0.1,45,HumanEval+,0.4695121951219512,ONPOLICY-SFT-Qwen3-1P7B-COLDSTART-FRAC50-CODE-KODCODE-CTX8K-S1-BETA01-V1_1783444888
Cold-start 50%,0.1,50,HumanEval+,0.4817073170731707,ONPOLICY-SFT-Qwen3-1P7B-COLDSTART-FRAC50-CODE-KODCODE-CTX8K-S1-BETA01-V1_1783444888
Cold-start 50%,0.1,55,HumanEval+,0.4878048780487805,ONPOLICY-SFT-Qwen3-1P7B-COLDSTART-FRAC50-CODE-KODCODE-CTX8K-S1-BETA01-V1_1783444888
Cold-start 50%,0.1,60,HumanEval+,0.47560975609756095,ONPOLICY-SFT-Qwen3-1P7B-COLDSTART-FRAC50-CODE-KODCODE-CTX8K-S1-BETA01-V1_1783444888
Cold-start 50%,0.1,65,HumanEval+,0.4695121951219512,ONPOLICY-SFT-Qwen3-1P7B-COLDSTART-FRAC50-CODE-KODCODE-CTX8K-S1-BETA01-V1_1783444888
Cold-start 50%,0.1,70,HumanEval+,0.5,ONPOLICY-SFT-Qwen3-1P7B-COLDSTART-FRAC50-CODE-KODCODE-CTX8K-S1-BETA01-V1_1783444888
Cold-start 50%,0.1,75,HumanEval+,0.5121951219512195,ONPOLICY-SFT-Qwen3-1P7B-COLDSTART-FRAC50-CODE-KODCODE-CTX8K-S1-BETA01-V1_1783444888
Cold-start 50%,0.1,80,HumanEval+,0.4878048780487805,ONPOLICY-SFT-Qwen3-1P7B-COLDSTART-FRAC50-CODE-KODCODE-CTX8K-S1-BETA01-V1_1783444888
Cold-start 50%,0.1,85,HumanEval+,0.4817073170731707,ONPOLICY-SFT-Qwen3-1P7B-COLDSTART-FRAC50-CODE-KODCODE-CTX8K-S1-BETA01-V1_1783444888
Cold-start 50%,0.1,90,HumanEval+,0.524390243902439,ONPOLICY-SFT-Qwen3-1P7B-COLDSTART-FRAC50-CODE-KODCODE-CTX8K-S1-BETA01-V1_1783444888
Cold-start 50%,0.1,95,HumanEval+,0.5060975609756098,ONPOLICY-SFT-Qwen3-1P7B-COLDSTART-FRAC50-CODE-KODCODE-CTX8K-S1-BETA01-V1_1783444888
Cold-start 50%,0.1,100,HumanEval+,0.5,ONPOLICY-SFT-Qwen3-1P7B-COLDSTART-FRAC50-CODE-KODCODE-CTX8K-S1-BETA01-V1_1783444888
Cold-start 50%,0.1,105,HumanEval+,0.5121951219512195,ONPOLICY-SFT-Qwen3-1P7B-COLDSTART-FRAC50-CODE-KODCODE-CTX8K-S1-BETA01-V1_1783444888
Cold-start 50%,0.1,110,HumanEval+,0.49390243902439024,ONPOLICY-SFT-Qwen3-1P7B-COLDSTART-FRAC50-CODE-KODCODE-CTX8K-S1-BETA01-V1_1783444888
Cold-start 50%,0.1,115,HumanEval+,0.5060975609756098,ONPOLICY-SFT-Qwen3-1P7B-COLDSTART-FRAC50-CODE-KODCODE-CTX8K-S1-BETA01-V1_1783444888
Cold-start 50%,0.1,120,HumanEval+,0.5060975609756098,ONPOLICY-SFT-Qwen3-1P7B-COLDSTART-FRAC50-CODE-KODCODE-CTX8K-S1-BETA01-V1_1783444888
Cold-start 50%,0.1,125,HumanEval+,0.4817073170731707,ONPOLICY-SFT-Qwen3-1P7B-COLDSTART-FRAC50-CODE-KODCODE-CTX8K-S1-BETA01-V1_1783444888
Cold-start 50%,0.1,130,HumanEval+,0.5060975609756098,ONPOLICY-SFT-Qwen3-1P7B-COLDSTART-FRAC50-CODE-KODCODE-CTX8K-S1-BETA01-V1_1783444888
Cold-start 50%,0.1,135,HumanEval+,0.5060975609756098,ONPOLICY-SFT-Qwen3-1P7B-COLDSTART-FRAC50-CODE-KODCODE-CTX8K-S1-BETA01-V1_1783444888
Cold-start 50%,0.1,140,HumanEval+,0.4695121951219512,ONPOLICY-SFT-Qwen3-1P7B-COLDSTART-FRAC50-CODE-KODCODE-CTX8K-S1-BETA01-V1_1783444888
Cold-start 50%,0.1,145,HumanEval+,0.47560975609756095,ONPOLICY-SFT-Qwen3-1P7B-COLDSTART-FRAC50-CODE-KODCODE-CTX8K-S1-BETA01-V1_1783444888
Cold-start 50%,0.1,150,HumanEval+,0.5121951219512195,ONPOLICY-SFT-Qwen3-1P7B-COLDSTART-FRAC50-CODE-KODCODE-CTX8K-S1-BETA01-V1_1783444888
Raw,0.0,0,HumanEval+,0.0,Raw 1.7B Stage1 $\beta=0.0$
Raw,0.0,5,HumanEval+,0.0,Raw 1.7B Stage1 $\beta=0.0$
Raw,0.0,10,HumanEval+,0.0,Raw 1.7B Stage1 $\beta=0.0$
Raw,0.0,15,HumanEval+,0.0,Raw 1.7B Stage1 $\beta=0.0$
Raw,0.0,20,HumanEval+,0.0,Raw 1.7B Stage1 $\beta=0.0$
Raw,0.0,25,HumanEval+,0.0,Raw 1.7B Stage1 $\beta=0.0$
Raw,0.0,30,HumanEval+,0.0,Raw 1.7B Stage1 $\beta=0.0$
Raw,0.0,35,HumanEval+,0.0,Raw 1.7B Stage1 $\beta=0.0$
Raw,0.0,40,HumanEval+,0.0,Raw 1.7B Stage1 $\beta=0.0$
Raw,0.0,45,HumanEval+,0.0,Raw 1.7B Stage1 $\beta=0.0$
Raw,0.0,50,HumanEval+,0.006097560975609756,Raw 1.7B Stage1 $\beta=0.0$
Raw,0.0,55,HumanEval+,0.006097560975609756,Raw 1.7B Stage1 $\beta=0.0$
Raw,0.0,60,HumanEval+,0.012195121951219513,Raw 1.7B Stage1 $\beta=0.0$
Raw,0.0,65,HumanEval+,0.012195121951219513,Raw 1.7B Stage1 $\beta=0.0$
Raw,0.0,70,HumanEval+,0.042682926829268296,Raw 1.7B Stage1 $\beta=0.0$
Raw,0.0,75,HumanEval+,0.4634146341463415,Raw 1.7B Stage1 $\beta=0.0$
Raw,0.0,80,HumanEval+,0.676829268292683,Raw 1.7B Stage1 $\beta=0.0$
Raw,0.0,85,HumanEval+,0.6280487804878049,Raw 1.7B Stage1 $\beta=0.0$
Raw,0.0,90,HumanEval+,0.6646341463414634,Raw 1.7B Stage1 $\beta=0.0$
Raw,0.0,95,HumanEval+,0.6463414634146342,Raw 1.7B Stage1 $\beta=0.0$
Raw,0.0,100,HumanEval+,0.6219512195121951,Raw 1.7B Stage1 $\beta=0.0$
Raw,0.0,105,HumanEval+,0.6463414634146342,Raw 1.7B Stage1 $\beta=0.0$
Raw,0.0,110,HumanEval+,0.6707317073170732,Raw 1.7B Stage1 $\beta=0.0$
Raw,0.0,115,HumanEval+,0.6463414634146342,Raw 1.7B Stage1 $\beta=0.0$
Raw,0.0,120,HumanEval+,0.6402439024390244,Raw 1.7B Stage1 $\beta=0.0$
Raw,0.0,125,HumanEval+,0.6524390243902439,Raw 1.7B Stage1 $\beta=0.0$
Raw,0.0,130,HumanEval+,0.6646341463414634,Raw 1.7B Stage1 $\beta=0.0$
Raw,0.0,135,HumanEval+,0.6646341463414634,Raw 1.7B Stage1 $\beta=0.0$
Raw,0.0,140,HumanEval+,0.6646341463414634,Raw 1.7B Stage1 $\beta=0.0$
Raw,0.0,145,HumanEval+,0.6280487804878049,Raw 1.7B Stage1 $\beta=0.0$
Raw,0.0,150,HumanEval+,0.6707317073170732,Raw 1.7B Stage1 $\beta=0.0$
Raw,0.1,0,HumanEval+,0.0,Raw 1.7B Stage1 $\beta=0.1$
Raw,0.1,5,HumanEval+,0.0,Raw 1.7B Stage1 $\beta=0.1$
Raw,0.1,10,HumanEval+,0.0,Raw 1.7B Stage1 $\beta=0.1$
Raw,0.1,15,HumanEval+,0.0,Raw 1.7B Stage1 $\beta=0.1$
Raw,0.1,20,HumanEval+,0.0,Raw 1.7B Stage1 $\beta=0.1$
Raw,0.1,25,HumanEval+,0.0,Raw 1.7B Stage1 $\beta=0.1$
Raw,0.1,30,HumanEval+,0.0,Raw 1.7B Stage1 $\beta=0.1$
Raw,0.1,35,HumanEval+,0.0,Raw 1.7B Stage1 $\beta=0.1$
Raw,0.1,40,HumanEval+,0.0,Raw 1.7B Stage1 $\beta=0.1$
Raw,0.1,45,HumanEval+,0.0,Raw 1.7B Stage1 $\beta=0.1$
Raw,0.1,50,HumanEval+,0.0,Raw 1.7B Stage1 $\beta=0.1$
Raw,0.1,55,HumanEval+,0.006097560975609756,Raw 1.7B Stage1 $\beta=0.1$
Raw,0.1,60,HumanEval+,0.012195121951219513,Raw 1.7B Stage1 $\beta=0.1$
Raw,0.1,65,HumanEval+,0.018292682926829267,Raw 1.7B Stage1 $\beta=0.1$
Raw,0.1,70,HumanEval+,0.10365853658536585,Raw 1.7B Stage1 $\beta=0.1$
Raw,0.1,75,HumanEval+,0.4695121951219512,Raw 1.7B Stage1 $\beta=0.1$
Raw,0.1,80,HumanEval+,0.6463414634146342,Raw 1.7B Stage1 $\beta=0.1$
Raw,0.1,85,HumanEval+,0.6707317073170732,Raw 1.7B Stage1 $\beta=0.1$
Raw,0.1,90,HumanEval+,0.6463414634146342,Raw 1.7B Stage1 $\beta=0.1$
Raw,0.1,95,HumanEval+,0.6707317073170732,Raw 1.7B Stage1 $\beta=0.1$
Raw,0.1,100,HumanEval+,0.6707317073170732,Raw 1.7B Stage1 $\beta=0.1$
Raw,0.1,105,HumanEval+,0.6707317073170732,Raw 1.7B Stage1 $\beta=0.1$
Raw,0.1,110,HumanEval+,0.6646341463414634,Raw 1.7B Stage1 $\beta=0.1$
Raw,0.1,115,HumanEval+,0.6829268292682927,Raw 1.7B Stage1 $\beta=0.1$
Raw,0.1,120,HumanEval+,0.6829268292682927,Raw 1.7B Stage1 $\beta=0.1$
Raw,0.1,125,HumanEval+,0.6524390243902439,Raw 1.7B Stage1 $\beta=0.1$
Raw,0.1,130,HumanEval+,0.6280487804878049,Raw 1.7B Stage1 $\beta=0.1$
Raw,0.1,135,HumanEval+,0.6524390243902439,Raw 1.7B Stage1 $\beta=0.1$
Raw,0.1,140,HumanEval+,0.7012195121951219,Raw 1.7B Stage1 $\beta=0.1$
Raw,0.1,145,HumanEval+,0.676829268292683,Raw 1.7B Stage1 $\beta=0.1$
Raw,0.1,150,HumanEval+,0.6097560975609756,Raw 1.7B Stage1 $\beta=0.1$
Cold-start 100%,0.0,0,LiveCodeBench,0.171875,ONPOLICY-SFT-Qwen3-1P7B-COLDSTART-CODE-KODCODE-CTX8K-S1-BETA0-V1_1783319854
Cold-start 100%,0.0,5,LiveCodeBench,0.1484375,ONPOLICY-SFT-Qwen3-1P7B-COLDSTART-CODE-KODCODE-CTX8K-S1-BETA0-V1_1783319854
Cold-start 100%,0.0,10,LiveCodeBench,0.15625,ONPOLICY-SFT-Qwen3-1P7B-COLDSTART-CODE-KODCODE-CTX8K-S1-BETA0-V1_1783319854
Cold-start 100%,0.0,15,LiveCodeBench,0.140625,ONPOLICY-SFT-Qwen3-1P7B-COLDSTART-CODE-KODCODE-CTX8K-S1-BETA0-V1_1783319854
Cold-start 100%,0.0,20,LiveCodeBench,0.1640625,ONPOLICY-SFT-Qwen3-1P7B-COLDSTART-CODE-KODCODE-CTX8K-S1-BETA0-V1_1783319854
Cold-start 100%,0.0,25,LiveCodeBench,0.171875,ONPOLICY-SFT-Qwen3-1P7B-COLDSTART-CODE-KODCODE-CTX8K-S1-BETA0-V1_1783319854
Cold-start 100%,0.0,30,LiveCodeBench,0.140625,ONPOLICY-SFT-Qwen3-1P7B-COLDSTART-CODE-KODCODE-CTX8K-S1-BETA0-V1_1783319854
Cold-start 100%,0.0,35,LiveCodeBench,0.15625,ONPOLICY-SFT-Qwen3-1P7B-COLDSTART-CODE-KODCODE-CTX8K-S1-BETA0-V1_1783319854
Cold-start 100%,0.0,40,LiveCodeBench,0.1484375,ONPOLICY-SFT-Qwen3-1P7B-COLDSTART-CODE-KODCODE-CTX8K-S1-BETA0-V1_1783319854
Cold-start 100%,0.0,45,LiveCodeBench,0.1484375,ONPOLICY-SFT-Qwen3-1P7B-COLDSTART-CODE-KODCODE-CTX8K-S1-BETA0-V1_1783319854
Cold-start 100%,0.0,50,LiveCodeBench,0.1484375,ONPOLICY-SFT-Qwen3-1P7B-COLDSTART-CODE-KODCODE-CTX8K-S1-BETA0-V1_1783319854
Cold-start 100%,0.0,55,LiveCodeBench,0.171875,ONPOLICY-SFT-Qwen3-1P7B-COLDSTART-CODE-KODCODE-CTX8K-S1-BETA0-V1_1783319854
Cold-start 100%,0.0,60,LiveCodeBench,0.1796875,ONPOLICY-SFT-Qwen3-1P7B-COLDSTART-CODE-KODCODE-CTX8K-S1-BETA0-V1_1783319854
Cold-start 100%,0.0,65,LiveCodeBench,0.1484375,ONPOLICY-SFT-Qwen3-1P7B-COLDSTART-CODE-KODCODE-CTX8K-S1-BETA0-V1_1783319854
Cold-start 100%,0.0,70,LiveCodeBench,0.1640625,ONPOLICY-SFT-Qwen3-1P7B-COLDSTART-CODE-KODCODE-CTX8K-S1-BETA0-V1_1783319854
Cold-start 100%,0.0,75,LiveCodeBench,0.171875,ONPOLICY-SFT-Qwen3-1P7B-COLDSTART-CODE-KODCODE-CTX8K-S1-BETA0-V1_1783319854
Cold-start 100%,0.0,80,LiveCodeBench,0.171875,ONPOLICY-SFT-Qwen3-1P7B-COLDSTART-CODE-KODCODE-CTX8K-S1-BETA0-V1_1783319854
Cold-start 100%,0.0,85,LiveCodeBench,0.140625,ONPOLICY-SFT-Qwen3-1P7B-COLDSTART-CODE-KODCODE-CTX8K-S1-BETA0-V1_1783319854
Cold-start 100%,0.0,90,LiveCodeBench,0.171875,ONPOLICY-SFT-Qwen3-1P7B-COLDSTART-CODE-KODCODE-CTX8K-S1-BETA0-V1_1783319854
Cold-start 100%,0.0,95,LiveCodeBench,0.140625,ONPOLICY-SFT-Qwen3-1P7B-COLDSTART-CODE-KODCODE-CTX8K-S1-BETA0-V1_1783319854
Cold-start 100%,0.0,100,LiveCodeBench,0.1484375,ONPOLICY-SFT-Qwen3-1P7B-COLDSTART-CODE-KODCODE-CTX8K-S1-BETA0-V1_1783319854
Cold-start 100%,0.0,105,LiveCodeBench,0.1640625,ONPOLICY-SFT-Qwen3-1P7B-COLDSTART-CODE-KODCODE-CTX8K-S1-BETA0-V1_1783319854
Cold-start 100%,0.0,110,LiveCodeBench,0.1640625,ONPOLICY-SFT-Qwen3-1P7B-COLDSTART-CODE-KODCODE-CTX8K-S1-BETA0-V1_1783319854
Cold-start 100%,0.0,115,LiveCodeBench,0.1484375,ONPOLICY-SFT-Qwen3-1P7B-COLDSTART-CODE-KODCODE-CTX8K-S1-BETA0-V1_1783319854
Cold-start 100%,0.0,120,LiveCodeBench,0.171875,ONPOLICY-SFT-Qwen3-1P7B-COLDSTART-CODE-KODCODE-CTX8K-S1-BETA0-V1_1783319854
Cold-start 100%,0.0,125,LiveCodeBench,0.171875,ONPOLICY-SFT-Qwen3-1P7B-COLDSTART-CODE-KODCODE-CTX8K-S1-BETA0-V1_1783319854
Cold-start 100%,0.0,130,LiveCodeBench,0.1640625,ONPOLICY-SFT-Qwen3-1P7B-COLDSTART-CODE-KODCODE-CTX8K-S1-BETA0-V1_1783319854
Cold-start 100%,0.0,135,LiveCodeBench,0.15625,ONPOLICY-SFT-Qwen3-1P7B-COLDSTART-CODE-KODCODE-CTX8K-S1-BETA0-V1_1783319854
Cold-start 100%,0.0,140,LiveCodeBench,0.1640625,ONPOLICY-SFT-Qwen3-1P7B-COLDSTART-CODE-KODCODE-CTX8K-S1-BETA0-V1_1783319854
Cold-start 100%,0.0,145,LiveCodeBench,0.1875,ONPOLICY-SFT-Qwen3-1P7B-COLDSTART-CODE-KODCODE-CTX8K-S1-BETA0-V1_1783319854
Cold-start 100%,0.0,150,LiveCodeBench,0.1484375,ONPOLICY-SFT-Qwen3-1P7B-COLDSTART-CODE-KODCODE-CTX8K-S1-BETA0-V1_1783319854
Cold-start 100%,0.1,0,LiveCodeBench,0.1328125,ONPOLICY-SFT-Qwen3-1P7B-COLDSTART-CODE-KODCODE-CTX8K-S1-BETA01-V1_1783329189
Cold-start 100%,0.1,5,LiveCodeBench,0.140625,ONPOLICY-SFT-Qwen3-1P7B-COLDSTART-CODE-KODCODE-CTX8K-S1-BETA01-V1_1783329189
Cold-start 100%,0.1,10,LiveCodeBench,0.140625,ONPOLICY-SFT-Qwen3-1P7B-COLDSTART-CODE-KODCODE-CTX8K-S1-BETA01-V1_1783329189
Cold-start 100%,0.1,15,LiveCodeBench,0.171875,ONPOLICY-SFT-Qwen3-1P7B-COLDSTART-CODE-KODCODE-CTX8K-S1-BETA01-V1_1783329189
Cold-start 100%,0.1,20,LiveCodeBench,0.171875,ONPOLICY-SFT-Qwen3-1P7B-COLDSTART-CODE-KODCODE-CTX8K-S1-BETA01-V1_1783329189
Cold-start 100%,0.1,25,LiveCodeBench,0.1328125,ONPOLICY-SFT-Qwen3-1P7B-COLDSTART-CODE-KODCODE-CTX8K-S1-BETA01-V1_1783329189
Cold-start 100%,0.1,30,LiveCodeBench,0.1640625,ONPOLICY-SFT-Qwen3-1P7B-COLDSTART-CODE-KODCODE-CTX8K-S1-BETA01-V1_1783329189
Cold-start 100%,0.1,35,LiveCodeBench,0.1484375,ONPOLICY-SFT-Qwen3-1P7B-COLDSTART-CODE-KODCODE-CTX8K-S1-BETA01-V1_1783329189
Cold-start 100%,0.1,40,LiveCodeBench,0.1484375,ONPOLICY-SFT-Qwen3-1P7B-COLDSTART-CODE-KODCODE-CTX8K-S1-BETA01-V1_1783329189
Cold-start 100%,0.1,45,LiveCodeBench,0.1640625,ONPOLICY-SFT-Qwen3-1P7B-COLDSTART-CODE-KODCODE-CTX8K-S1-BETA01-V1_1783329189
Cold-start 100%,0.1,50,LiveCodeBench,0.1484375,ONPOLICY-SFT-Qwen3-1P7B-COLDSTART-CODE-KODCODE-CTX8K-S1-BETA01-V1_1783329189
Cold-start 100%,0.1,55,LiveCodeBench,0.140625,ONPOLICY-SFT-Qwen3-1P7B-COLDSTART-CODE-KODCODE-CTX8K-S1-BETA01-V1_1783329189
Cold-start 100%,0.1,60,LiveCodeBench,0.1484375,ONPOLICY-SFT-Qwen3-1P7B-COLDSTART-CODE-KODCODE-CTX8K-S1-BETA01-V1_1783329189
Cold-start 100%,0.1,65,LiveCodeBench,0.171875,ONPOLICY-SFT-Qwen3-1P7B-COLDSTART-CODE-KODCODE-CTX8K-S1-BETA01-V1_1783329189
Cold-start 100%,0.1,70,LiveCodeBench,0.1328125,ONPOLICY-SFT-Qwen3-1P7B-COLDSTART-CODE-KODCODE-CTX8K-S1-BETA01-V1_1783329189
Cold-start 100%,0.1,75,LiveCodeBench,0.1484375,ONPOLICY-SFT-Qwen3-1P7B-COLDSTART-CODE-KODCODE-CTX8K-S1-BETA01-V1_1783329189
Cold-start 100%,0.1,80,LiveCodeBench,0.1484375,ONPOLICY-SFT-Qwen3-1P7B-COLDSTART-CODE-KODCODE-CTX8K-S1-BETA01-V1_1783329189
Cold-start 100%,0.1,85,LiveCodeBench,0.1328125,ONPOLICY-SFT-Qwen3-1P7B-COLDSTART-CODE-KODCODE-CTX8K-S1-BETA01-V1_1783329189
Cold-start 100%,0.1,90,LiveCodeBench,0.140625,ONPOLICY-SFT-Qwen3-1P7B-COLDSTART-CODE-KODCODE-CTX8K-S1-BETA01-V1_1783329189
Cold-start 100%,0.1,95,LiveCodeBench,0.1484375,ONPOLICY-SFT-Qwen3-1P7B-COLDSTART-CODE-KODCODE-CTX8K-S1-BETA01-V1_1783329189
Cold-start 100%,0.1,100,LiveCodeBench,0.1484375,ONPOLICY-SFT-Qwen3-1P7B-COLDSTART-CODE-KODCODE-CTX8K-S1-BETA01-V1_1783329189
Cold-start 100%,0.1,105,LiveCodeBench,0.1484375,ONPOLICY-SFT-Qwen3-1P7B-COLDSTART-CODE-KODCODE-CTX8K-S1-BETA01-V1_1783329189
Cold-start 100%,0.1,110,LiveCodeBench,0.1796875,ONPOLICY-SFT-Qwen3-1P7B-COLDSTART-CODE-KODCODE-CTX8K-S1-BETA01-V1_1783329189
Cold-start 100%,0.1,115,LiveCodeBench,0.1640625,ONPOLICY-SFT-Qwen3-1P7B-COLDSTART-CODE-KODCODE-CTX8K-S1-BETA01-V1_1783329189
Cold-start 100%,0.1,120,LiveCodeBench,0.171875,ONPOLICY-SFT-Qwen3-1P7B-COLDSTART-CODE-KODCODE-CTX8K-S1-BETA01-V1_1783329189
Cold-start 100%,0.1,125,LiveCodeBench,0.1796875,ONPOLICY-SFT-Qwen3-1P7B-COLDSTART-CODE-KODCODE-CTX8K-S1-BETA01-V1_1783329189
Cold-start 100%,0.1,130,LiveCodeBench,0.171875,ONPOLICY-SFT-Qwen3-1P7B-COLDSTART-CODE-KODCODE-CTX8K-S1-BETA01-V1_1783329189
Cold-start 100%,0.1,135,LiveCodeBench,0.1640625,ONPOLICY-SFT-Qwen3-1P7B-COLDSTART-CODE-KODCODE-CTX8K-S1-BETA01-V1_1783329189
Cold-start 100%,0.1,140,LiveCodeBench,0.1953125,ONPOLICY-SFT-Qwen3-1P7B-COLDSTART-CODE-KODCODE-CTX8K-S1-BETA01-V1_1783329189
Cold-start 100%,0.1,145,LiveCodeBench,0.1328125,ONPOLICY-SFT-Qwen3-1P7B-COLDSTART-CODE-KODCODE-CTX8K-S1-BETA01-V1_1783329189
Cold-start 100%,0.1,150,LiveCodeBench,0.15625,ONPOLICY-SFT-Qwen3-1P7B-COLDSTART-CODE-KODCODE-CTX8K-S1-BETA01-V1_1783329189
Cold-start 25%,0.0,0,LiveCodeBench,0.2109375,ONPOLICY-SFT-Qwen3-1P7B-COLDSTART-FRAC25-CODE-KODCODE-CTX8K-S1-BETA0-V1_1783416222
Cold-start 25%,0.0,5,LiveCodeBench,0.234375,ONPOLICY-SFT-Qwen3-1P7B-COLDSTART-FRAC25-CODE-KODCODE-CTX8K-S1-BETA0-V1_1783416222
Cold-start 25%,0.0,10,LiveCodeBench,0.203125,ONPOLICY-SFT-Qwen3-1P7B-COLDSTART-FRAC25-CODE-KODCODE-CTX8K-S1-BETA0-V1_1783416222
Cold-start 25%,0.0,15,LiveCodeBench,0.1875,ONPOLICY-SFT-Qwen3-1P7B-COLDSTART-FRAC25-CODE-KODCODE-CTX8K-S1-BETA0-V1_1783416222
Cold-start 25%,0.0,20,LiveCodeBench,0.2109375,ONPOLICY-SFT-Qwen3-1P7B-COLDSTART-FRAC25-CODE-KODCODE-CTX8K-S1-BETA0-V1_1783416222
Cold-start 25%,0.0,25,LiveCodeBench,0.2109375,ONPOLICY-SFT-Qwen3-1P7B-COLDSTART-FRAC25-CODE-KODCODE-CTX8K-S1-BETA0-V1_1783416222
Cold-start 25%,0.0,30,LiveCodeBench,0.1953125,ONPOLICY-SFT-Qwen3-1P7B-COLDSTART-FRAC25-CODE-KODCODE-CTX8K-S1-BETA0-V1_1783416222
Cold-start 25%,0.0,35,LiveCodeBench,0.1875,ONPOLICY-SFT-Qwen3-1P7B-COLDSTART-FRAC25-CODE-KODCODE-CTX8K-S1-BETA0-V1_1783416222
Cold-start 25%,0.0,40,LiveCodeBench,0.2109375,ONPOLICY-SFT-Qwen3-1P7B-COLDSTART-FRAC25-CODE-KODCODE-CTX8K-S1-BETA0-V1_1783416222
Cold-start 25%,0.0,45,LiveCodeBench,0.203125,ONPOLICY-SFT-Qwen3-1P7B-COLDSTART-FRAC25-CODE-KODCODE-CTX8K-S1-BETA0-V1_1783416222
Cold-start 25%,0.0,50,LiveCodeBench,0.21875,ONPOLICY-SFT-Qwen3-1P7B-COLDSTART-FRAC25-CODE-KODCODE-CTX8K-S1-BETA0-V1_1783416222
Cold-start 25%,0.0,55,LiveCodeBench,0.1875,ONPOLICY-SFT-Qwen3-1P7B-COLDSTART-FRAC25-CODE-KODCODE-CTX8K-S1-BETA0-V1_1783416222
Cold-start 25%,0.0,60,LiveCodeBench,0.1953125,ONPOLICY-SFT-Qwen3-1P7B-COLDSTART-FRAC25-CODE-KODCODE-CTX8K-S1-BETA0-V1_1783416222
Cold-start 25%,0.0,65,LiveCodeBench,0.2109375,ONPOLICY-SFT-Qwen3-1P7B-COLDSTART-FRAC25-CODE-KODCODE-CTX8K-S1-BETA0-V1_1783416222
Cold-start 25%,0.0,70,LiveCodeBench,0.21875,ONPOLICY-SFT-Qwen3-1P7B-COLDSTART-FRAC25-CODE-KODCODE-CTX8K-S1-BETA0-V1_1783416222
Cold-start 25%,0.0,75,LiveCodeBench,0.21875,ONPOLICY-SFT-Qwen3-1P7B-COLDSTART-FRAC25-CODE-KODCODE-CTX8K-S1-BETA0-V1_1783416222
Cold-start 25%,0.0,80,LiveCodeBench,0.2109375,ONPOLICY-SFT-Qwen3-1P7B-COLDSTART-FRAC25-CODE-KODCODE-CTX8K-S1-BETA0-V1_1783416222
Cold-start 25%,0.0,85,LiveCodeBench,0.2109375,ONPOLICY-SFT-Qwen3-1P7B-COLDSTART-FRAC25-CODE-KODCODE-CTX8K-S1-BETA0-V1_1783416222
Cold-start 25%,0.0,90,LiveCodeBench,0.2109375,ONPOLICY-SFT-Qwen3-1P7B-COLDSTART-FRAC25-CODE-KODCODE-CTX8K-S1-BETA0-V1_1783416222
Cold-start 25%,0.0,95,LiveCodeBench,0.171875,ONPOLICY-SFT-Qwen3-1P7B-COLDSTART-FRAC25-CODE-KODCODE-CTX8K-S1-BETA0-V1_1783416222
Cold-start 25%,0.0,100,LiveCodeBench,0.2109375,ONPOLICY-SFT-Qwen3-1P7B-COLDSTART-FRAC25-CODE-KODCODE-CTX8K-S1-BETA0-V1_1783416222
Cold-start 25%,0.0,105,LiveCodeBench,0.234375,ONPOLICY-SFT-Qwen3-1P7B-COLDSTART-FRAC25-CODE-KODCODE-CTX8K-S1-BETA0-V1_1783416222
Cold-start 25%,0.0,110,LiveCodeBench,0.21875,ONPOLICY-SFT-Qwen3-1P7B-COLDSTART-FRAC25-CODE-KODCODE-CTX8K-S1-BETA0-V1_1783416222
Cold-start 25%,0.0,115,LiveCodeBench,0.21875,ONPOLICY-SFT-Qwen3-1P7B-COLDSTART-FRAC25-CODE-KODCODE-CTX8K-S1-BETA0-V1_1783416222
Cold-start 25%,0.0,120,LiveCodeBench,0.203125,ONPOLICY-SFT-Qwen3-1P7B-COLDSTART-FRAC25-CODE-KODCODE-CTX8K-S1-BETA0-V1_1783416222
Cold-start 25%,0.0,125,LiveCodeBench,0.2265625,ONPOLICY-SFT-Qwen3-1P7B-COLDSTART-FRAC25-CODE-KODCODE-CTX8K-S1-BETA0-V1_1783416222
Cold-start 25%,0.0,130,LiveCodeBench,0.1953125,ONPOLICY-SFT-Qwen3-1P7B-COLDSTART-FRAC25-CODE-KODCODE-CTX8K-S1-BETA0-V1_1783416222
Cold-start 25%,0.0,135,LiveCodeBench,0.203125,ONPOLICY-SFT-Qwen3-1P7B-COLDSTART-FRAC25-CODE-KODCODE-CTX8K-S1-BETA0-V1_1783416222
Cold-start 25%,0.0,140,LiveCodeBench,0.2421875,ONPOLICY-SFT-Qwen3-1P7B-COLDSTART-FRAC25-CODE-KODCODE-CTX8K-S1-BETA0-V1_1783416222
Cold-start 25%,0.0,145,LiveCodeBench,0.1875,ONPOLICY-SFT-Qwen3-1P7B-COLDSTART-FRAC25-CODE-KODCODE-CTX8K-S1-BETA0-V1_1783416222
Cold-start 25%,0.0,150,LiveCodeBench,0.21875,ONPOLICY-SFT-Qwen3-1P7B-COLDSTART-FRAC25-CODE-KODCODE-CTX8K-S1-BETA0-V1_1783416222
Cold-start 25%,0.1,0,LiveCodeBench,0.1875,ONPOLICY-SFT-Qwen3-1P7B-COLDSTART-FRAC25-CODE-KODCODE-CTX8K-S1-BETA01-V1_1783425947
Cold-start 25%,0.1,5,LiveCodeBench,0.1796875,ONPOLICY-SFT-Qwen3-1P7B-COLDSTART-FRAC25-CODE-KODCODE-CTX8K-S1-BETA01-V1_1783425947
Cold-start 25%,0.1,10,LiveCodeBench,0.2109375,ONPOLICY-SFT-Qwen3-1P7B-COLDSTART-FRAC25-CODE-KODCODE-CTX8K-S1-BETA01-V1_1783425947
Cold-start 25%,0.1,15,LiveCodeBench,0.25,ONPOLICY-SFT-Qwen3-1P7B-COLDSTART-FRAC25-CODE-KODCODE-CTX8K-S1-BETA01-V1_1783425947
Cold-start 25%,0.1,20,LiveCodeBench,0.203125,ONPOLICY-SFT-Qwen3-1P7B-COLDSTART-FRAC25-CODE-KODCODE-CTX8K-S1-BETA01-V1_1783425947
Cold-start 25%,0.1,25,LiveCodeBench,0.2109375,ONPOLICY-SFT-Qwen3-1P7B-COLDSTART-FRAC25-CODE-KODCODE-CTX8K-S1-BETA01-V1_1783425947
Cold-start 25%,0.1,30,LiveCodeBench,0.203125,ONPOLICY-SFT-Qwen3-1P7B-COLDSTART-FRAC25-CODE-KODCODE-CTX8K-S1-BETA01-V1_1783425947
Cold-start 25%,0.1,35,LiveCodeBench,0.2109375,ONPOLICY-SFT-Qwen3-1P7B-COLDSTART-FRAC25-CODE-KODCODE-CTX8K-S1-BETA01-V1_1783425947
Cold-start 25%,0.1,40,LiveCodeBench,0.203125,ONPOLICY-SFT-Qwen3-1P7B-COLDSTART-FRAC25-CODE-KODCODE-CTX8K-S1-BETA01-V1_1783425947
Cold-start 25%,0.1,45,LiveCodeBench,0.2109375,ONPOLICY-SFT-Qwen3-1P7B-COLDSTART-FRAC25-CODE-KODCODE-CTX8K-S1-BETA01-V1_1783425947
Cold-start 25%,0.1,50,LiveCodeBench,0.2109375,ONPOLICY-SFT-Qwen3-1P7B-COLDSTART-FRAC25-CODE-KODCODE-CTX8K-S1-BETA01-V1_1783425947
Cold-start 25%,0.1,55,LiveCodeBench,0.1875,ONPOLICY-SFT-Qwen3-1P7B-COLDSTART-FRAC25-CODE-KODCODE-CTX8K-S1-BETA01-V1_1783425947
Cold-start 25%,0.1,60,LiveCodeBench,0.234375,ONPOLICY-SFT-Qwen3-1P7B-COLDSTART-FRAC25-CODE-KODCODE-CTX8K-S1-BETA01-V1_1783425947
Cold-start 25%,0.1,65,LiveCodeBench,0.2109375,ONPOLICY-SFT-Qwen3-1P7B-COLDSTART-FRAC25-CODE-KODCODE-CTX8K-S1-BETA01-V1_1783425947
Cold-start 25%,0.1,70,LiveCodeBench,0.2578125,ONPOLICY-SFT-Qwen3-1P7B-COLDSTART-FRAC25-CODE-KODCODE-CTX8K-S1-BETA01-V1_1783425947
Cold-start 25%,0.1,75,LiveCodeBench,0.2109375,ONPOLICY-SFT-Qwen3-1P7B-COLDSTART-FRAC25-CODE-KODCODE-CTX8K-S1-BETA01-V1_1783425947
Cold-start 25%,0.1,80,LiveCodeBench,0.2265625,ONPOLICY-SFT-Qwen3-1P7B-COLDSTART-FRAC25-CODE-KODCODE-CTX8K-S1-BETA01-V1_1783425947
Cold-start 25%,0.1,85,LiveCodeBench,0.21875,ONPOLICY-SFT-Qwen3-1P7B-COLDSTART-FRAC25-CODE-KODCODE-CTX8K-S1-BETA01-V1_1783425947
Cold-start 25%,0.1,90,LiveCodeBench,0.234375,ONPOLICY-SFT-Qwen3-1P7B-COLDSTART-FRAC25-CODE-KODCODE-CTX8K-S1-BETA01-V1_1783425947
Cold-start 25%,0.1,95,LiveCodeBench,0.2265625,ONPOLICY-SFT-Qwen3-1P7B-COLDSTART-FRAC25-CODE-KODCODE-CTX8K-S1-BETA01-V1_1783425947
Cold-start 25%,0.1,100,LiveCodeBench,0.1875,ONPOLICY-SFT-Qwen3-1P7B-COLDSTART-FRAC25-CODE-KODCODE-CTX8K-S1-BETA01-V1_1783425947
Cold-start 25%,0.1,105,LiveCodeBench,0.2109375,ONPOLICY-SFT-Qwen3-1P7B-COLDSTART-FRAC25-CODE-KODCODE-CTX8K-S1-BETA01-V1_1783425947
Cold-start 25%,0.1,110,LiveCodeBench,0.2265625,ONPOLICY-SFT-Qwen3-1P7B-COLDSTART-FRAC25-CODE-KODCODE-CTX8K-S1-BETA01-V1_1783425947
Cold-start 25%,0.1,115,LiveCodeBench,0.2109375,ONPOLICY-SFT-Qwen3-1P7B-COLDSTART-FRAC25-CODE-KODCODE-CTX8K-S1-BETA01-V1_1783425947
Cold-start 25%,0.1,120,LiveCodeBench,0.21875,ONPOLICY-SFT-Qwen3-1P7B-COLDSTART-FRAC25-CODE-KODCODE-CTX8K-S1-BETA01-V1_1783425947
Cold-start 25%,0.1,125,LiveCodeBench,0.203125,ONPOLICY-SFT-Qwen3-1P7B-COLDSTART-FRAC25-CODE-KODCODE-CTX8K-S1-BETA01-V1_1783425947
Cold-start 25%,0.1,130,LiveCodeBench,0.2109375,ONPOLICY-SFT-Qwen3-1P7B-COLDSTART-FRAC25-CODE-KODCODE-CTX8K-S1-BETA01-V1_1783425947
Cold-start 25%,0.1,135,LiveCodeBench,0.2421875,ONPOLICY-SFT-Qwen3-1P7B-COLDSTART-FRAC25-CODE-KODCODE-CTX8K-S1-BETA01-V1_1783425947
Cold-start 25%,0.1,140,LiveCodeBench,0.2265625,ONPOLICY-SFT-Qwen3-1P7B-COLDSTART-FRAC25-CODE-KODCODE-CTX8K-S1-BETA01-V1_1783425947
Cold-start 25%,0.1,145,LiveCodeBench,0.1796875,ONPOLICY-SFT-Qwen3-1P7B-COLDSTART-FRAC25-CODE-KODCODE-CTX8K-S1-BETA01-V1_1783425947
Cold-start 25%,0.1,150,LiveCodeBench,0.21875,ONPOLICY-SFT-Qwen3-1P7B-COLDSTART-FRAC25-CODE-KODCODE-CTX8K-S1-BETA01-V1_1783425947
Cold-start 50%,0.0,0,LiveCodeBench,0.2265625,ONPOLICY-SFT-Qwen3-1P7B-COLDSTART-FRAC50-CODE-KODCODE-CTX8K-S1-BETA0-V1_1783435522
Cold-start 50%,0.0,5,LiveCodeBench,0.1875,ONPOLICY-SFT-Qwen3-1P7B-COLDSTART-FRAC50-CODE-KODCODE-CTX8K-S1-BETA0-V1_1783435522
Cold-start 50%,0.0,10,LiveCodeBench,0.203125,ONPOLICY-SFT-Qwen3-1P7B-COLDSTART-FRAC50-CODE-KODCODE-CTX8K-S1-BETA0-V1_1783435522
Cold-start 50%,0.0,15,LiveCodeBench,0.1875,ONPOLICY-SFT-Qwen3-1P7B-COLDSTART-FRAC50-CODE-KODCODE-CTX8K-S1-BETA0-V1_1783435522
Cold-start 50%,0.0,20,LiveCodeBench,0.2109375,ONPOLICY-SFT-Qwen3-1P7B-COLDSTART-FRAC50-CODE-KODCODE-CTX8K-S1-BETA0-V1_1783435522
Cold-start 50%,0.0,25,LiveCodeBench,0.1953125,ONPOLICY-SFT-Qwen3-1P7B-COLDSTART-FRAC50-CODE-KODCODE-CTX8K-S1-BETA0-V1_1783435522
Cold-start 50%,0.0,30,LiveCodeBench,0.1875,ONPOLICY-SFT-Qwen3-1P7B-COLDSTART-FRAC50-CODE-KODCODE-CTX8K-S1-BETA0-V1_1783435522
Cold-start 50%,0.0,35,LiveCodeBench,0.1875,ONPOLICY-SFT-Qwen3-1P7B-COLDSTART-FRAC50-CODE-KODCODE-CTX8K-S1-BETA0-V1_1783435522
Cold-start 50%,0.0,40,LiveCodeBench,0.2109375,ONPOLICY-SFT-Qwen3-1P7B-COLDSTART-FRAC50-CODE-KODCODE-CTX8K-S1-BETA0-V1_1783435522
Cold-start 50%,0.0,45,LiveCodeBench,0.203125,ONPOLICY-SFT-Qwen3-1P7B-COLDSTART-FRAC50-CODE-KODCODE-CTX8K-S1-BETA0-V1_1783435522
Cold-start 50%,0.0,50,LiveCodeBench,0.203125,ONPOLICY-SFT-Qwen3-1P7B-COLDSTART-FRAC50-CODE-KODCODE-CTX8K-S1-BETA0-V1_1783435522
Cold-start 50%,0.0,55,LiveCodeBench,0.203125,ONPOLICY-SFT-Qwen3-1P7B-COLDSTART-FRAC50-CODE-KODCODE-CTX8K-S1-BETA0-V1_1783435522
Cold-start 50%,0.0,60,LiveCodeBench,0.171875,ONPOLICY-SFT-Qwen3-1P7B-COLDSTART-FRAC50-CODE-KODCODE-CTX8K-S1-BETA0-V1_1783435522
Cold-start 50%,0.0,65,LiveCodeBench,0.2109375,ONPOLICY-SFT-Qwen3-1P7B-COLDSTART-FRAC50-CODE-KODCODE-CTX8K-S1-BETA0-V1_1783435522
Cold-start 50%,0.0,70,LiveCodeBench,0.1796875,ONPOLICY-SFT-Qwen3-1P7B-COLDSTART-FRAC50-CODE-KODCODE-CTX8K-S1-BETA0-V1_1783435522
Cold-start 50%,0.0,75,LiveCodeBench,0.21875,ONPOLICY-SFT-Qwen3-1P7B-COLDSTART-FRAC50-CODE-KODCODE-CTX8K-S1-BETA0-V1_1783435522
Cold-start 50%,0.0,80,LiveCodeBench,0.203125,ONPOLICY-SFT-Qwen3-1P7B-COLDSTART-FRAC50-CODE-KODCODE-CTX8K-S1-BETA0-V1_1783435522
Cold-start 50%,0.0,85,LiveCodeBench,0.2109375,ONPOLICY-SFT-Qwen3-1P7B-COLDSTART-FRAC50-CODE-KODCODE-CTX8K-S1-BETA0-V1_1783435522
Cold-start 50%,0.0,90,LiveCodeBench,0.2109375,ONPOLICY-SFT-Qwen3-1P7B-COLDSTART-FRAC50-CODE-KODCODE-CTX8K-S1-BETA0-V1_1783435522
Cold-start 50%,0.0,95,LiveCodeBench,0.2109375,ONPOLICY-SFT-Qwen3-1P7B-COLDSTART-FRAC50-CODE-KODCODE-CTX8K-S1-BETA0-V1_1783435522
Cold-start 50%,0.0,100,LiveCodeBench,0.203125,ONPOLICY-SFT-Qwen3-1P7B-COLDSTART-FRAC50-CODE-KODCODE-CTX8K-S1-BETA0-V1_1783435522
Cold-start 50%,0.0,105,LiveCodeBench,0.2265625,ONPOLICY-SFT-Qwen3-1P7B-COLDSTART-FRAC50-CODE-KODCODE-CTX8K-S1-BETA0-V1_1783435522
Cold-start 50%,0.0,110,LiveCodeBench,0.1875,ONPOLICY-SFT-Qwen3-1P7B-COLDSTART-FRAC50-CODE-KODCODE-CTX8K-S1-BETA0-V1_1783435522
Cold-start 50%,0.0,115,LiveCodeBench,0.1953125,ONPOLICY-SFT-Qwen3-1P7B-COLDSTART-FRAC50-CODE-KODCODE-CTX8K-S1-BETA0-V1_1783435522
Cold-start 50%,0.0,120,LiveCodeBench,0.1875,ONPOLICY-SFT-Qwen3-1P7B-COLDSTART-FRAC50-CODE-KODCODE-CTX8K-S1-BETA0-V1_1783435522
Cold-start 50%,0.0,125,LiveCodeBench,0.1953125,ONPOLICY-SFT-Qwen3-1P7B-COLDSTART-FRAC50-CODE-KODCODE-CTX8K-S1-BETA0-V1_1783435522
Cold-start 50%,0.0,130,LiveCodeBench,0.21875,ONPOLICY-SFT-Qwen3-1P7B-COLDSTART-FRAC50-CODE-KODCODE-CTX8K-S1-BETA0-V1_1783435522
Cold-start 50%,0.0,135,LiveCodeBench,0.203125,ONPOLICY-SFT-Qwen3-1P7B-COLDSTART-FRAC50-CODE-KODCODE-CTX8K-S1-BETA0-V1_1783435522
Cold-start 50%,0.0,140,LiveCodeBench,0.2109375,ONPOLICY-SFT-Qwen3-1P7B-COLDSTART-FRAC50-CODE-KODCODE-CTX8K-S1-BETA0-V1_1783435522
Cold-start 50%,0.0,145,LiveCodeBench,0.203125,ONPOLICY-SFT-Qwen3-1P7B-COLDSTART-FRAC50-CODE-KODCODE-CTX8K-S1-BETA0-V1_1783435522
Cold-start 50%,0.0,150,LiveCodeBench,0.1953125,ONPOLICY-SFT-Qwen3-1P7B-COLDSTART-FRAC50-CODE-KODCODE-CTX8K-S1-BETA0-V1_1783435522
Cold-start 50%,0.1,0,LiveCodeBench,0.1953125,ONPOLICY-SFT-Qwen3-1P7B-COLDSTART-FRAC50-CODE-KODCODE-CTX8K-S1-BETA01-V1_1783444888
Cold-start 50%,0.1,5,LiveCodeBench,0.171875,ONPOLICY-SFT-Qwen3-1P7B-COLDSTART-FRAC50-CODE-KODCODE-CTX8K-S1-BETA01-V1_1783444888
Cold-start 50%,0.1,10,LiveCodeBench,0.1953125,ONPOLICY-SFT-Qwen3-1P7B-COLDSTART-FRAC50-CODE-KODCODE-CTX8K-S1-BETA01-V1_1783444888
Cold-start 50%,0.1,15,LiveCodeBench,0.1875,ONPOLICY-SFT-Qwen3-1P7B-COLDSTART-FRAC50-CODE-KODCODE-CTX8K-S1-BETA01-V1_1783444888
Cold-start 50%,0.1,20,LiveCodeBench,0.1953125,ONPOLICY-SFT-Qwen3-1P7B-COLDSTART-FRAC50-CODE-KODCODE-CTX8K-S1-BETA01-V1_1783444888
Cold-start 50%,0.1,25,LiveCodeBench,0.1953125,ONPOLICY-SFT-Qwen3-1P7B-COLDSTART-FRAC50-CODE-KODCODE-CTX8K-S1-BETA01-V1_1783444888
Cold-start 50%,0.1,30,LiveCodeBench,0.1875,ONPOLICY-SFT-Qwen3-1P7B-COLDSTART-FRAC50-CODE-KODCODE-CTX8K-S1-BETA01-V1_1783444888
Cold-start 50%,0.1,35,LiveCodeBench,0.1875,ONPOLICY-SFT-Qwen3-1P7B-COLDSTART-FRAC50-CODE-KODCODE-CTX8K-S1-BETA01-V1_1783444888
Cold-start 50%,0.1,40,LiveCodeBench,0.1796875,ONPOLICY-SFT-Qwen3-1P7B-COLDSTART-FRAC50-CODE-KODCODE-CTX8K-S1-BETA01-V1_1783444888
Cold-start 50%,0.1,45,LiveCodeBench,0.2109375,ONPOLICY-SFT-Qwen3-1P7B-COLDSTART-FRAC50-CODE-KODCODE-CTX8K-S1-BETA01-V1_1783444888
Cold-start 50%,0.1,50,LiveCodeBench,0.1796875,ONPOLICY-SFT-Qwen3-1P7B-COLDSTART-FRAC50-CODE-KODCODE-CTX8K-S1-BETA01-V1_1783444888
Cold-start 50%,0.1,55,LiveCodeBench,0.1875,ONPOLICY-SFT-Qwen3-1P7B-COLDSTART-FRAC50-CODE-KODCODE-CTX8K-S1-BETA01-V1_1783444888
Cold-start 50%,0.1,60,LiveCodeBench,0.203125,ONPOLICY-SFT-Qwen3-1P7B-COLDSTART-FRAC50-CODE-KODCODE-CTX8K-S1-BETA01-V1_1783444888
Cold-start 50%,0.1,65,LiveCodeBench,0.1953125,ONPOLICY-SFT-Qwen3-1P7B-COLDSTART-FRAC50-CODE-KODCODE-CTX8K-S1-BETA01-V1_1783444888
Cold-start 50%,0.1,70,LiveCodeBench,0.1796875,ONPOLICY-SFT-Qwen3-1P7B-COLDSTART-FRAC50-CODE-KODCODE-CTX8K-S1-BETA01-V1_1783444888
Cold-start 50%,0.1,75,LiveCodeBench,0.1953125,ONPOLICY-SFT-Qwen3-1P7B-COLDSTART-FRAC50-CODE-KODCODE-CTX8K-S1-BETA01-V1_1783444888
Cold-start 50%,0.1,80,LiveCodeBench,0.203125,ONPOLICY-SFT-Qwen3-1P7B-COLDSTART-FRAC50-CODE-KODCODE-CTX8K-S1-BETA01-V1_1783444888
Cold-start 50%,0.1,85,LiveCodeBench,0.2109375,ONPOLICY-SFT-Qwen3-1P7B-COLDSTART-FRAC50-CODE-KODCODE-CTX8K-S1-BETA01-V1_1783444888
Cold-start 50%,0.1,90,LiveCodeBench,0.1953125,ONPOLICY-SFT-Qwen3-1P7B-COLDSTART-FRAC50-CODE-KODCODE-CTX8K-S1-BETA01-V1_1783444888
Cold-start 50%,0.1,95,LiveCodeBench,0.1953125,ONPOLICY-SFT-Qwen3-1P7B-COLDSTART-FRAC50-CODE-KODCODE-CTX8K-S1-BETA01-V1_1783444888
Cold-start 50%,0.1,100,LiveCodeBench,0.1875,ONPOLICY-SFT-Qwen3-1P7B-COLDSTART-FRAC50-CODE-KODCODE-CTX8K-S1-BETA01-V1_1783444888
Cold-start 50%,0.1,105,LiveCodeBench,0.1953125,ONPOLICY-SFT-Qwen3-1P7B-COLDSTART-FRAC50-CODE-KODCODE-CTX8K-S1-BETA01-V1_1783444888
Cold-start 50%,0.1,110,LiveCodeBench,0.2109375,ONPOLICY-SFT-Qwen3-1P7B-COLDSTART-FRAC50-CODE-KODCODE-CTX8K-S1-BETA01-V1_1783444888
Cold-start 50%,0.1,115,LiveCodeBench,0.1953125,ONPOLICY-SFT-Qwen3-1P7B-COLDSTART-FRAC50-CODE-KODCODE-CTX8K-S1-BETA01-V1_1783444888
Cold-start 50%,0.1,120,LiveCodeBench,0.1875,ONPOLICY-SFT-Qwen3-1P7B-COLDSTART-FRAC50-CODE-KODCODE-CTX8K-S1-BETA01-V1_1783444888
Cold-start 50%,0.1,125,LiveCodeBench,0.1796875,ONPOLICY-SFT-Qwen3-1P7B-COLDSTART-FRAC50-CODE-KODCODE-CTX8K-S1-BETA01-V1_1783444888
Cold-start 50%,0.1,130,LiveCodeBench,0.1875,ONPOLICY-SFT-Qwen3-1P7B-COLDSTART-FRAC50-CODE-KODCODE-CTX8K-S1-BETA01-V1_1783444888
Cold-start 50%,0.1,135,LiveCodeBench,0.203125,ONPOLICY-SFT-Qwen3-1P7B-COLDSTART-FRAC50-CODE-KODCODE-CTX8K-S1-BETA01-V1_1783444888
Cold-start 50%,0.1,140,LiveCodeBench,0.1953125,ONPOLICY-SFT-Qwen3-1P7B-COLDSTART-FRAC50-CODE-KODCODE-CTX8K-S1-BETA01-V1_1783444888
Cold-start 50%,0.1,145,LiveCodeBench,0.203125,ONPOLICY-SFT-Qwen3-1P7B-COLDSTART-FRAC50-CODE-KODCODE-CTX8K-S1-BETA01-V1_1783444888
Cold-start 50%,0.1,150,LiveCodeBench,0.1796875,ONPOLICY-SFT-Qwen3-1P7B-COLDSTART-FRAC50-CODE-KODCODE-CTX8K-S1-BETA01-V1_1783444888
Raw,0.0,0,LiveCodeBench,0.0,Raw 1.7B Stage1 $\beta=0.0$
Raw,0.0,5,LiveCodeBench,0.0,Raw 1.7B Stage1 $\beta=0.0$
Raw,0.0,10,LiveCodeBench,0.0,Raw 1.7B Stage1 $\beta=0.0$
Raw,0.0,15,LiveCodeBench,0.0,Raw 1.7B Stage1 $\beta=0.0$
Raw,0.0,20,LiveCodeBench,0.0,Raw 1.7B Stage1 $\beta=0.0$
Raw,0.0,25,LiveCodeBench,0.0,Raw 1.7B Stage1 $\beta=0.0$
Raw,0.0,30,LiveCodeBench,0.0,Raw 1.7B Stage1 $\beta=0.0$
Raw,0.0,35,LiveCodeBench,0.0,Raw 1.7B Stage1 $\beta=0.0$
Raw,0.0,40,LiveCodeBench,0.0,Raw 1.7B Stage1 $\beta=0.0$
Raw,0.0,45,LiveCodeBench,0.0,Raw 1.7B Stage1 $\beta=0.0$
Raw,0.0,50,LiveCodeBench,0.0,Raw 1.7B Stage1 $\beta=0.0$
Raw,0.0,55,LiveCodeBench,0.0,Raw 1.7B Stage1 $\beta=0.0$
Raw,0.0,60,LiveCodeBench,0.0,Raw 1.7B Stage1 $\beta=0.0$
Raw,0.0,65,LiveCodeBench,0.0,Raw 1.7B Stage1 $\beta=0.0$
Raw,0.0,70,LiveCodeBench,0.0234375,Raw 1.7B Stage1 $\beta=0.0$
Raw,0.0,75,LiveCodeBench,0.25,Raw 1.7B Stage1 $\beta=0.0$
Raw,0.0,80,LiveCodeBench,0.40625,Raw 1.7B Stage1 $\beta=0.0$
Raw,0.0,85,LiveCodeBench,0.3828125,Raw 1.7B Stage1 $\beta=0.0$
Raw,0.0,90,LiveCodeBench,0.3828125,Raw 1.7B Stage1 $\beta=0.0$
Raw,0.0,95,LiveCodeBench,0.3984375,Raw 1.7B Stage1 $\beta=0.0$
Raw,0.0,100,LiveCodeBench,0.3828125,Raw 1.7B Stage1 $\beta=0.0$
Raw,0.0,105,LiveCodeBench,0.390625,Raw 1.7B Stage1 $\beta=0.0$
Raw,0.0,110,LiveCodeBench,0.375,Raw 1.7B Stage1 $\beta=0.0$
Raw,0.0,115,LiveCodeBench,0.40625,Raw 1.7B Stage1 $\beta=0.0$
Raw,0.0,120,LiveCodeBench,0.3671875,Raw 1.7B Stage1 $\beta=0.0$
Raw,0.0,125,LiveCodeBench,0.3984375,Raw 1.7B Stage1 $\beta=0.0$
Raw,0.0,130,LiveCodeBench,0.4140625,Raw 1.7B Stage1 $\beta=0.0$
Raw,0.0,135,LiveCodeBench,0.3671875,Raw 1.7B Stage1 $\beta=0.0$
Raw,0.0,140,LiveCodeBench,0.3984375,Raw 1.7B Stage1 $\beta=0.0$
Raw,0.0,145,LiveCodeBench,0.3984375,Raw 1.7B Stage1 $\beta=0.0$
Raw,0.0,150,LiveCodeBench,0.4453125,Raw 1.7B Stage1 $\beta=0.0$
Raw,0.1,0,LiveCodeBench,0.0,Raw 1.7B Stage1 $\beta=0.1$
Raw,0.1,5,LiveCodeBench,0.0,Raw 1.7B Stage1 $\beta=0.1$
Raw,0.1,10,LiveCodeBench,0.0,Raw 1.7B Stage1 $\beta=0.1$
Raw,0.1,15,LiveCodeBench,0.0,Raw 1.7B Stage1 $\beta=0.1$
Raw,0.1,20,LiveCodeBench,0.0,Raw 1.7B Stage1 $\beta=0.1$
Raw,0.1,25,LiveCodeBench,0.0,Raw 1.7B Stage1 $\beta=0.1$
Raw,0.1,30,LiveCodeBench,0.0,Raw 1.7B Stage1 $\beta=0.1$
Raw,0.1,35,LiveCodeBench,0.0,Raw 1.7B Stage1 $\beta=0.1$
Raw,0.1,40,LiveCodeBench,0.0,Raw 1.7B Stage1 $\beta=0.1$
Raw,0.1,45,LiveCodeBench,0.0,Raw 1.7B Stage1 $\beta=0.1$
Raw,0.1,50,LiveCodeBench,0.0,Raw 1.7B Stage1 $\beta=0.1$
Raw,0.1,55,LiveCodeBench,0.0,Raw 1.7B Stage1 $\beta=0.1$
Raw,0.1,60,LiveCodeBench,0.0,Raw 1.7B Stage1 $\beta=0.1$
Raw,0.1,65,LiveCodeBench,0.0,Raw 1.7B Stage1 $\beta=0.1$
Raw,0.1,70,LiveCodeBench,0.0,Raw 1.7B Stage1 $\beta=0.1$
Raw,0.1,75,LiveCodeBench,0.28125,Raw 1.7B Stage1 $\beta=0.1$
Raw,0.1,80,LiveCodeBench,0.3984375,Raw 1.7B Stage1 $\beta=0.1$
Raw,0.1,85,LiveCodeBench,0.4375,Raw 1.7B Stage1 $\beta=0.1$
Raw,0.1,90,LiveCodeBench,0.453125,Raw 1.7B Stage1 $\beta=0.1$
Raw,0.1,95,LiveCodeBench,0.4375,Raw 1.7B Stage1 $\beta=0.1$
Raw,0.1,100,LiveCodeBench,0.453125,Raw 1.7B Stage1 $\beta=0.1$
Raw,0.1,105,LiveCodeBench,0.3984375,Raw 1.7B Stage1 $\beta=0.1$
Raw,0.1,110,LiveCodeBench,0.40625,Raw 1.7B Stage1 $\beta=0.1$
Raw,0.1,115,LiveCodeBench,0.40625,Raw 1.7B Stage1 $\beta=0.1$
Raw,0.1,120,LiveCodeBench,0.4140625,Raw 1.7B Stage1 $\beta=0.1$
Raw,0.1,125,LiveCodeBench,0.375,Raw 1.7B Stage1 $\beta=0.1$
Raw,0.1,130,LiveCodeBench,0.4296875,Raw 1.7B Stage1 $\beta=0.1$
Raw,0.1,135,LiveCodeBench,0.375,Raw 1.7B Stage1 $\beta=0.1$
Raw,0.1,140,LiveCodeBench,0.359375,Raw 1.7B Stage1 $\beta=0.1$
Raw,0.1,145,LiveCodeBench,0.4296875,Raw 1.7B Stage1 $\beta=0.1$
Raw,0.1,150,LiveCodeBench,0.40625,Raw 1.7B Stage1 $\beta=0.1$
Cold-start 100%,0.0,0,MBPP+,0.5264550264550265,ONPOLICY-SFT-Qwen3-1P7B-COLDSTART-CODE-KODCODE-CTX8K-S1-BETA0-V1_1783319854
Cold-start 100%,0.0,5,MBPP+,0.48677248677248675,ONPOLICY-SFT-Qwen3-1P7B-COLDSTART-CODE-KODCODE-CTX8K-S1-BETA0-V1_1783319854
Cold-start 100%,0.0,10,MBPP+,0.4947089947089947,ONPOLICY-SFT-Qwen3-1P7B-COLDSTART-CODE-KODCODE-CTX8K-S1-BETA0-V1_1783319854
Cold-start 100%,0.0,15,MBPP+,0.5052910052910053,ONPOLICY-SFT-Qwen3-1P7B-COLDSTART-CODE-KODCODE-CTX8K-S1-BETA0-V1_1783319854
Cold-start 100%,0.0,20,MBPP+,0.5185185185185185,ONPOLICY-SFT-Qwen3-1P7B-COLDSTART-CODE-KODCODE-CTX8K-S1-BETA0-V1_1783319854
Cold-start 100%,0.0,25,MBPP+,0.5158730158730159,ONPOLICY-SFT-Qwen3-1P7B-COLDSTART-CODE-KODCODE-CTX8K-S1-BETA0-V1_1783319854
Cold-start 100%,0.0,30,MBPP+,0.49206349206349204,ONPOLICY-SFT-Qwen3-1P7B-COLDSTART-CODE-KODCODE-CTX8K-S1-BETA0-V1_1783319854
Cold-start 100%,0.0,35,MBPP+,0.4894179894179894,ONPOLICY-SFT-Qwen3-1P7B-COLDSTART-CODE-KODCODE-CTX8K-S1-BETA0-V1_1783319854
Cold-start 100%,0.0,40,MBPP+,0.5,ONPOLICY-SFT-Qwen3-1P7B-COLDSTART-CODE-KODCODE-CTX8K-S1-BETA0-V1_1783319854
Cold-start 100%,0.0,45,MBPP+,0.5158730158730159,ONPOLICY-SFT-Qwen3-1P7B-COLDSTART-CODE-KODCODE-CTX8K-S1-BETA0-V1_1783319854
Cold-start 100%,0.0,50,MBPP+,0.5026455026455027,ONPOLICY-SFT-Qwen3-1P7B-COLDSTART-CODE-KODCODE-CTX8K-S1-BETA0-V1_1783319854
Cold-start 100%,0.0,55,MBPP+,0.5079365079365079,ONPOLICY-SFT-Qwen3-1P7B-COLDSTART-CODE-KODCODE-CTX8K-S1-BETA0-V1_1783319854
Cold-start 100%,0.0,60,MBPP+,0.49206349206349204,ONPOLICY-SFT-Qwen3-1P7B-COLDSTART-CODE-KODCODE-CTX8K-S1-BETA0-V1_1783319854
Cold-start 100%,0.0,65,MBPP+,0.5211640211640212,ONPOLICY-SFT-Qwen3-1P7B-COLDSTART-CODE-KODCODE-CTX8K-S1-BETA0-V1_1783319854
Cold-start 100%,0.0,70,MBPP+,0.5079365079365079,ONPOLICY-SFT-Qwen3-1P7B-COLDSTART-CODE-KODCODE-CTX8K-S1-BETA0-V1_1783319854
Cold-start 100%,0.0,75,MBPP+,0.5185185185185185,ONPOLICY-SFT-Qwen3-1P7B-COLDSTART-CODE-KODCODE-CTX8K-S1-BETA0-V1_1783319854
Cold-start 100%,0.0,80,MBPP+,0.5132275132275133,ONPOLICY-SFT-Qwen3-1P7B-COLDSTART-CODE-KODCODE-CTX8K-S1-BETA0-V1_1783319854
Cold-start 100%,0.0,85,MBPP+,0.5185185185185185,ONPOLICY-SFT-Qwen3-1P7B-COLDSTART-CODE-KODCODE-CTX8K-S1-BETA0-V1_1783319854
Cold-start 100%,0.0,90,MBPP+,0.5026455026455027,ONPOLICY-SFT-Qwen3-1P7B-COLDSTART-CODE-KODCODE-CTX8K-S1-BETA0-V1_1783319854
Cold-start 100%,0.0,95,MBPP+,0.5158730158730159,ONPOLICY-SFT-Qwen3-1P7B-COLDSTART-CODE-KODCODE-CTX8K-S1-BETA0-V1_1783319854
Cold-start 100%,0.0,100,MBPP+,0.5158730158730159,ONPOLICY-SFT-Qwen3-1P7B-COLDSTART-CODE-KODCODE-CTX8K-S1-BETA0-V1_1783319854
Cold-start 100%,0.0,105,MBPP+,0.5105820105820106,ONPOLICY-SFT-Qwen3-1P7B-COLDSTART-CODE-KODCODE-CTX8K-S1-BETA0-V1_1783319854
Cold-start 100%,0.0,110,MBPP+,0.5185185185185185,ONPOLICY-SFT-Qwen3-1P7B-COLDSTART-CODE-KODCODE-CTX8K-S1-BETA0-V1_1783319854
Cold-start 100%,0.0,115,MBPP+,0.5079365079365079,ONPOLICY-SFT-Qwen3-1P7B-COLDSTART-CODE-KODCODE-CTX8K-S1-BETA0-V1_1783319854
Cold-start 100%,0.0,120,MBPP+,0.5026455026455027,ONPOLICY-SFT-Qwen3-1P7B-COLDSTART-CODE-KODCODE-CTX8K-S1-BETA0-V1_1783319854
Cold-start 100%,0.0,125,MBPP+,0.5132275132275133,ONPOLICY-SFT-Qwen3-1P7B-COLDSTART-CODE-KODCODE-CTX8K-S1-BETA0-V1_1783319854
Cold-start 100%,0.0,130,MBPP+,0.5026455026455027,ONPOLICY-SFT-Qwen3-1P7B-COLDSTART-CODE-KODCODE-CTX8K-S1-BETA0-V1_1783319854
Cold-start 100%,0.0,135,MBPP+,0.5158730158730159,ONPOLICY-SFT-Qwen3-1P7B-COLDSTART-CODE-KODCODE-CTX8K-S1-BETA0-V1_1783319854
Cold-start 100%,0.0,140,MBPP+,0.5,ONPOLICY-SFT-Qwen3-1P7B-COLDSTART-CODE-KODCODE-CTX8K-S1-BETA0-V1_1783319854
Cold-start 100%,0.0,145,MBPP+,0.5158730158730159,ONPOLICY-SFT-Qwen3-1P7B-COLDSTART-CODE-KODCODE-CTX8K-S1-BETA0-V1_1783319854
Cold-start 100%,0.0,150,MBPP+,0.5158730158730159,ONPOLICY-SFT-Qwen3-1P7B-COLDSTART-CODE-KODCODE-CTX8K-S1-BETA0-V1_1783319854
Cold-start 100%,0.1,0,MBPP+,0.5132275132275133,ONPOLICY-SFT-Qwen3-1P7B-COLDSTART-CODE-KODCODE-CTX8K-S1-BETA01-V1_1783329189
Cold-start 100%,0.1,5,MBPP+,0.5052910052910053,ONPOLICY-SFT-Qwen3-1P7B-COLDSTART-CODE-KODCODE-CTX8K-S1-BETA01-V1_1783329189
Cold-start 100%,0.1,10,MBPP+,0.5026455026455027,ONPOLICY-SFT-Qwen3-1P7B-COLDSTART-CODE-KODCODE-CTX8K-S1-BETA01-V1_1783329189
Cold-start 100%,0.1,15,MBPP+,0.5052910052910053,ONPOLICY-SFT-Qwen3-1P7B-COLDSTART-CODE-KODCODE-CTX8K-S1-BETA01-V1_1783329189
Cold-start 100%,0.1,20,MBPP+,0.5079365079365079,ONPOLICY-SFT-Qwen3-1P7B-COLDSTART-CODE-KODCODE-CTX8K-S1-BETA01-V1_1783329189
Cold-start 100%,0.1,25,MBPP+,0.5132275132275133,ONPOLICY-SFT-Qwen3-1P7B-COLDSTART-CODE-KODCODE-CTX8K-S1-BETA01-V1_1783329189
Cold-start 100%,0.1,30,MBPP+,0.4973544973544973,ONPOLICY-SFT-Qwen3-1P7B-COLDSTART-CODE-KODCODE-CTX8K-S1-BETA01-V1_1783329189
Cold-start 100%,0.1,35,MBPP+,0.5264550264550265,ONPOLICY-SFT-Qwen3-1P7B-COLDSTART-CODE-KODCODE-CTX8K-S1-BETA01-V1_1783329189
Cold-start 100%,0.1,40,MBPP+,0.5211640211640212,ONPOLICY-SFT-Qwen3-1P7B-COLDSTART-CODE-KODCODE-CTX8K-S1-BETA01-V1_1783329189
Cold-start 100%,0.1,45,MBPP+,0.5132275132275133,ONPOLICY-SFT-Qwen3-1P7B-COLDSTART-CODE-KODCODE-CTX8K-S1-BETA01-V1_1783329189
Cold-start 100%,0.1,50,MBPP+,0.5158730158730159,ONPOLICY-SFT-Qwen3-1P7B-COLDSTART-CODE-KODCODE-CTX8K-S1-BETA01-V1_1783329189
Cold-start 100%,0.1,55,MBPP+,0.5158730158730159,ONPOLICY-SFT-Qwen3-1P7B-COLDSTART-CODE-KODCODE-CTX8K-S1-BETA01-V1_1783329189
Cold-start 100%,0.1,60,MBPP+,0.4973544973544973,ONPOLICY-SFT-Qwen3-1P7B-COLDSTART-CODE-KODCODE-CTX8K-S1-BETA01-V1_1783329189
Cold-start 100%,0.1,65,MBPP+,0.5158730158730159,ONPOLICY-SFT-Qwen3-1P7B-COLDSTART-CODE-KODCODE-CTX8K-S1-BETA01-V1_1783329189
Cold-start 100%,0.1,70,MBPP+,0.5211640211640212,ONPOLICY-SFT-Qwen3-1P7B-COLDSTART-CODE-KODCODE-CTX8K-S1-BETA01-V1_1783329189
Cold-start 100%,0.1,75,MBPP+,0.5052910052910053,ONPOLICY-SFT-Qwen3-1P7B-COLDSTART-CODE-KODCODE-CTX8K-S1-BETA01-V1_1783329189
Cold-start 100%,0.1,80,MBPP+,0.5132275132275133,ONPOLICY-SFT-Qwen3-1P7B-COLDSTART-CODE-KODCODE-CTX8K-S1-BETA01-V1_1783329189
Cold-start 100%,0.1,85,MBPP+,0.48677248677248675,ONPOLICY-SFT-Qwen3-1P7B-COLDSTART-CODE-KODCODE-CTX8K-S1-BETA01-V1_1783329189
Cold-start 100%,0.1,90,MBPP+,0.4973544973544973,ONPOLICY-SFT-Qwen3-1P7B-COLDSTART-CODE-KODCODE-CTX8K-S1-BETA01-V1_1783329189
Cold-start 100%,0.1,95,MBPP+,0.5026455026455027,ONPOLICY-SFT-Qwen3-1P7B-COLDSTART-CODE-KODCODE-CTX8K-S1-BETA01-V1_1783329189
Cold-start 100%,0.1,100,MBPP+,0.49206349206349204,ONPOLICY-SFT-Qwen3-1P7B-COLDSTART-CODE-KODCODE-CTX8K-S1-BETA01-V1_1783329189
Cold-start 100%,0.1,105,MBPP+,0.5132275132275133,ONPOLICY-SFT-Qwen3-1P7B-COLDSTART-CODE-KODCODE-CTX8K-S1-BETA01-V1_1783329189
Cold-start 100%,0.1,110,MBPP+,0.49206349206349204,ONPOLICY-SFT-Qwen3-1P7B-COLDSTART-CODE-KODCODE-CTX8K-S1-BETA01-V1_1783329189
Cold-start 100%,0.1,115,MBPP+,0.5105820105820106,ONPOLICY-SFT-Qwen3-1P7B-COLDSTART-CODE-KODCODE-CTX8K-S1-BETA01-V1_1783329189
Cold-start 100%,0.1,120,MBPP+,0.5211640211640212,ONPOLICY-SFT-Qwen3-1P7B-COLDSTART-CODE-KODCODE-CTX8K-S1-BETA01-V1_1783329189
Cold-start 100%,0.1,125,MBPP+,0.5026455026455027,ONPOLICY-SFT-Qwen3-1P7B-COLDSTART-CODE-KODCODE-CTX8K-S1-BETA01-V1_1783329189
Cold-start 100%,0.1,130,MBPP+,0.5079365079365079,ONPOLICY-SFT-Qwen3-1P7B-COLDSTART-CODE-KODCODE-CTX8K-S1-BETA01-V1_1783329189
Cold-start 100%,0.1,135,MBPP+,0.5211640211640212,ONPOLICY-SFT-Qwen3-1P7B-COLDSTART-CODE-KODCODE-CTX8K-S1-BETA01-V1_1783329189
Cold-start 100%,0.1,140,MBPP+,0.5079365079365079,ONPOLICY-SFT-Qwen3-1P7B-COLDSTART-CODE-KODCODE-CTX8K-S1-BETA01-V1_1783329189
Cold-start 100%,0.1,145,MBPP+,0.5185185185185185,ONPOLICY-SFT-Qwen3-1P7B-COLDSTART-CODE-KODCODE-CTX8K-S1-BETA01-V1_1783329189
Cold-start 100%,0.1,150,MBPP+,0.5264550264550265,ONPOLICY-SFT-Qwen3-1P7B-COLDSTART-CODE-KODCODE-CTX8K-S1-BETA01-V1_1783329189
Cold-start 25%,0.0,0,MBPP+,0.4656084656084656,ONPOLICY-SFT-Qwen3-1P7B-COLDSTART-FRAC25-CODE-KODCODE-CTX8K-S1-BETA0-V1_1783416222
Cold-start 25%,0.0,5,MBPP+,0.4947089947089947,ONPOLICY-SFT-Qwen3-1P7B-COLDSTART-FRAC25-CODE-KODCODE-CTX8K-S1-BETA0-V1_1783416222
Cold-start 25%,0.0,10,MBPP+,0.46825396825396826,ONPOLICY-SFT-Qwen3-1P7B-COLDSTART-FRAC25-CODE-KODCODE-CTX8K-S1-BETA0-V1_1783416222
Cold-start 25%,0.0,15,MBPP+,0.47354497354497355,ONPOLICY-SFT-Qwen3-1P7B-COLDSTART-FRAC25-CODE-KODCODE-CTX8K-S1-BETA0-V1_1783416222
Cold-start 25%,0.0,20,MBPP+,0.4973544973544973,ONPOLICY-SFT-Qwen3-1P7B-COLDSTART-FRAC25-CODE-KODCODE-CTX8K-S1-BETA0-V1_1783416222
Cold-start 25%,0.0,25,MBPP+,0.4656084656084656,ONPOLICY-SFT-Qwen3-1P7B-COLDSTART-FRAC25-CODE-KODCODE-CTX8K-S1-BETA0-V1_1783416222
Cold-start 25%,0.0,30,MBPP+,0.47883597883597884,ONPOLICY-SFT-Qwen3-1P7B-COLDSTART-FRAC25-CODE-KODCODE-CTX8K-S1-BETA0-V1_1783416222
Cold-start 25%,0.0,35,MBPP+,0.48412698412698413,ONPOLICY-SFT-Qwen3-1P7B-COLDSTART-FRAC25-CODE-KODCODE-CTX8K-S1-BETA0-V1_1783416222
Cold-start 25%,0.0,40,MBPP+,0.49206349206349204,ONPOLICY-SFT-Qwen3-1P7B-COLDSTART-FRAC25-CODE-KODCODE-CTX8K-S1-BETA0-V1_1783416222
Cold-start 25%,0.0,45,MBPP+,0.48677248677248675,ONPOLICY-SFT-Qwen3-1P7B-COLDSTART-FRAC25-CODE-KODCODE-CTX8K-S1-BETA0-V1_1783416222
Cold-start 25%,0.0,50,MBPP+,0.4894179894179894,ONPOLICY-SFT-Qwen3-1P7B-COLDSTART-FRAC25-CODE-KODCODE-CTX8K-S1-BETA0-V1_1783416222
Cold-start 25%,0.0,55,MBPP+,0.4656084656084656,ONPOLICY-SFT-Qwen3-1P7B-COLDSTART-FRAC25-CODE-KODCODE-CTX8K-S1-BETA0-V1_1783416222
Cold-start 25%,0.0,60,MBPP+,0.4973544973544973,ONPOLICY-SFT-Qwen3-1P7B-COLDSTART-FRAC25-CODE-KODCODE-CTX8K-S1-BETA0-V1_1783416222
Cold-start 25%,0.0,65,MBPP+,0.48148148148148145,ONPOLICY-SFT-Qwen3-1P7B-COLDSTART-FRAC25-CODE-KODCODE-CTX8K-S1-BETA0-V1_1783416222
Cold-start 25%,0.0,70,MBPP+,0.4894179894179894,ONPOLICY-SFT-Qwen3-1P7B-COLDSTART-FRAC25-CODE-KODCODE-CTX8K-S1-BETA0-V1_1783416222
Cold-start 25%,0.0,75,MBPP+,0.47883597883597884,ONPOLICY-SFT-Qwen3-1P7B-COLDSTART-FRAC25-CODE-KODCODE-CTX8K-S1-BETA0-V1_1783416222
Cold-start 25%,0.0,80,MBPP+,0.4894179894179894,ONPOLICY-SFT-Qwen3-1P7B-COLDSTART-FRAC25-CODE-KODCODE-CTX8K-S1-BETA0-V1_1783416222
Cold-start 25%,0.0,85,MBPP+,0.5079365079365079,ONPOLICY-SFT-Qwen3-1P7B-COLDSTART-FRAC25-CODE-KODCODE-CTX8K-S1-BETA0-V1_1783416222
Cold-start 25%,0.0,90,MBPP+,0.5026455026455027,ONPOLICY-SFT-Qwen3-1P7B-COLDSTART-FRAC25-CODE-KODCODE-CTX8K-S1-BETA0-V1_1783416222
Cold-start 25%,0.0,95,MBPP+,0.48677248677248675,ONPOLICY-SFT-Qwen3-1P7B-COLDSTART-FRAC25-CODE-KODCODE-CTX8K-S1-BETA0-V1_1783416222
Cold-start 25%,0.0,100,MBPP+,0.5079365079365079,ONPOLICY-SFT-Qwen3-1P7B-COLDSTART-FRAC25-CODE-KODCODE-CTX8K-S1-BETA0-V1_1783416222
Cold-start 25%,0.0,105,MBPP+,0.4894179894179894,ONPOLICY-SFT-Qwen3-1P7B-COLDSTART-FRAC25-CODE-KODCODE-CTX8K-S1-BETA0-V1_1783416222
Cold-start 25%,0.0,110,MBPP+,0.47619047619047616,ONPOLICY-SFT-Qwen3-1P7B-COLDSTART-FRAC25-CODE-KODCODE-CTX8K-S1-BETA0-V1_1783416222
Cold-start 25%,0.0,115,MBPP+,0.5,ONPOLICY-SFT-Qwen3-1P7B-COLDSTART-FRAC25-CODE-KODCODE-CTX8K-S1-BETA0-V1_1783416222
Cold-start 25%,0.0,120,MBPP+,0.49206349206349204,ONPOLICY-SFT-Qwen3-1P7B-COLDSTART-FRAC25-CODE-KODCODE-CTX8K-S1-BETA0-V1_1783416222
Cold-start 25%,0.0,125,MBPP+,0.4947089947089947,ONPOLICY-SFT-Qwen3-1P7B-COLDSTART-FRAC25-CODE-KODCODE-CTX8K-S1-BETA0-V1_1783416222
Cold-start 25%,0.0,130,MBPP+,0.4973544973544973,ONPOLICY-SFT-Qwen3-1P7B-COLDSTART-FRAC25-CODE-KODCODE-CTX8K-S1-BETA0-V1_1783416222
Cold-start 25%,0.0,135,MBPP+,0.4708994708994709,ONPOLICY-SFT-Qwen3-1P7B-COLDSTART-FRAC25-CODE-KODCODE-CTX8K-S1-BETA0-V1_1783416222
Cold-start 25%,0.0,140,MBPP+,0.5,ONPOLICY-SFT-Qwen3-1P7B-COLDSTART-FRAC25-CODE-KODCODE-CTX8K-S1-BETA0-V1_1783416222
Cold-start 25%,0.0,145,MBPP+,0.48412698412698413,ONPOLICY-SFT-Qwen3-1P7B-COLDSTART-FRAC25-CODE-KODCODE-CTX8K-S1-BETA0-V1_1783416222
Cold-start 25%,0.0,150,MBPP+,0.49206349206349204,ONPOLICY-SFT-Qwen3-1P7B-COLDSTART-FRAC25-CODE-KODCODE-CTX8K-S1-BETA0-V1_1783416222
Cold-start 25%,0.1,0,MBPP+,0.48412698412698413,ONPOLICY-SFT-Qwen3-1P7B-COLDSTART-FRAC25-CODE-KODCODE-CTX8K-S1-BETA01-V1_1783425947
Cold-start 25%,0.1,5,MBPP+,0.4973544973544973,ONPOLICY-SFT-Qwen3-1P7B-COLDSTART-FRAC25-CODE-KODCODE-CTX8K-S1-BETA01-V1_1783425947
Cold-start 25%,0.1,10,MBPP+,0.47883597883597884,ONPOLICY-SFT-Qwen3-1P7B-COLDSTART-FRAC25-CODE-KODCODE-CTX8K-S1-BETA01-V1_1783425947
Cold-start 25%,0.1,15,MBPP+,0.48677248677248675,ONPOLICY-SFT-Qwen3-1P7B-COLDSTART-FRAC25-CODE-KODCODE-CTX8K-S1-BETA01-V1_1783425947
Cold-start 25%,0.1,20,MBPP+,0.455026455026455,ONPOLICY-SFT-Qwen3-1P7B-COLDSTART-FRAC25-CODE-KODCODE-CTX8K-S1-BETA01-V1_1783425947
Cold-start 25%,0.1,25,MBPP+,0.47883597883597884,ONPOLICY-SFT-Qwen3-1P7B-COLDSTART-FRAC25-CODE-KODCODE-CTX8K-S1-BETA01-V1_1783425947
Cold-start 25%,0.1,30,MBPP+,0.48412698412698413,ONPOLICY-SFT-Qwen3-1P7B-COLDSTART-FRAC25-CODE-KODCODE-CTX8K-S1-BETA01-V1_1783425947
Cold-start 25%,0.1,35,MBPP+,0.4708994708994709,ONPOLICY-SFT-Qwen3-1P7B-COLDSTART-FRAC25-CODE-KODCODE-CTX8K-S1-BETA01-V1_1783425947
Cold-start 25%,0.1,40,MBPP+,0.47354497354497355,ONPOLICY-SFT-Qwen3-1P7B-COLDSTART-FRAC25-CODE-KODCODE-CTX8K-S1-BETA01-V1_1783425947
Cold-start 25%,0.1,45,MBPP+,0.48148148148148145,ONPOLICY-SFT-Qwen3-1P7B-COLDSTART-FRAC25-CODE-KODCODE-CTX8K-S1-BETA01-V1_1783425947
Cold-start 25%,0.1,50,MBPP+,0.48148148148148145,ONPOLICY-SFT-Qwen3-1P7B-COLDSTART-FRAC25-CODE-KODCODE-CTX8K-S1-BETA01-V1_1783425947
Cold-start 25%,0.1,55,MBPP+,0.48412698412698413,ONPOLICY-SFT-Qwen3-1P7B-COLDSTART-FRAC25-CODE-KODCODE-CTX8K-S1-BETA01-V1_1783425947
Cold-start 25%,0.1,60,MBPP+,0.4947089947089947,ONPOLICY-SFT-Qwen3-1P7B-COLDSTART-FRAC25-CODE-KODCODE-CTX8K-S1-BETA01-V1_1783425947
Cold-start 25%,0.1,65,MBPP+,0.48412698412698413,ONPOLICY-SFT-Qwen3-1P7B-COLDSTART-FRAC25-CODE-KODCODE-CTX8K-S1-BETA01-V1_1783425947
Cold-start 25%,0.1,70,MBPP+,0.47883597883597884,ONPOLICY-SFT-Qwen3-1P7B-COLDSTART-FRAC25-CODE-KODCODE-CTX8K-S1-BETA01-V1_1783425947
Cold-start 25%,0.1,75,MBPP+,0.4973544973544973,ONPOLICY-SFT-Qwen3-1P7B-COLDSTART-FRAC25-CODE-KODCODE-CTX8K-S1-BETA01-V1_1783425947
Cold-start 25%,0.1,80,MBPP+,0.48677248677248675,ONPOLICY-SFT-Qwen3-1P7B-COLDSTART-FRAC25-CODE-KODCODE-CTX8K-S1-BETA01-V1_1783425947
Cold-start 25%,0.1,85,MBPP+,0.4947089947089947,ONPOLICY-SFT-Qwen3-1P7B-COLDSTART-FRAC25-CODE-KODCODE-CTX8K-S1-BETA01-V1_1783425947
Cold-start 25%,0.1,90,MBPP+,0.5,ONPOLICY-SFT-Qwen3-1P7B-COLDSTART-FRAC25-CODE-KODCODE-CTX8K-S1-BETA01-V1_1783425947
Cold-start 25%,0.1,95,MBPP+,0.48412698412698413,ONPOLICY-SFT-Qwen3-1P7B-COLDSTART-FRAC25-CODE-KODCODE-CTX8K-S1-BETA01-V1_1783425947
Cold-start 25%,0.1,100,MBPP+,0.48677248677248675,ONPOLICY-SFT-Qwen3-1P7B-COLDSTART-FRAC25-CODE-KODCODE-CTX8K-S1-BETA01-V1_1783425947
Cold-start 25%,0.1,105,MBPP+,0.47619047619047616,ONPOLICY-SFT-Qwen3-1P7B-COLDSTART-FRAC25-CODE-KODCODE-CTX8K-S1-BETA01-V1_1783425947
Cold-start 25%,0.1,110,MBPP+,0.4947089947089947,ONPOLICY-SFT-Qwen3-1P7B-COLDSTART-FRAC25-CODE-KODCODE-CTX8K-S1-BETA01-V1_1783425947
Cold-start 25%,0.1,115,MBPP+,0.4973544973544973,ONPOLICY-SFT-Qwen3-1P7B-COLDSTART-FRAC25-CODE-KODCODE-CTX8K-S1-BETA01-V1_1783425947
Cold-start 25%,0.1,120,MBPP+,0.5132275132275133,ONPOLICY-SFT-Qwen3-1P7B-COLDSTART-FRAC25-CODE-KODCODE-CTX8K-S1-BETA01-V1_1783425947
Cold-start 25%,0.1,125,MBPP+,0.4894179894179894,ONPOLICY-SFT-Qwen3-1P7B-COLDSTART-FRAC25-CODE-KODCODE-CTX8K-S1-BETA01-V1_1783425947
Cold-start 25%,0.1,130,MBPP+,0.48412698412698413,ONPOLICY-SFT-Qwen3-1P7B-COLDSTART-FRAC25-CODE-KODCODE-CTX8K-S1-BETA01-V1_1783425947
Cold-start 25%,0.1,135,MBPP+,0.4708994708994709,ONPOLICY-SFT-Qwen3-1P7B-COLDSTART-FRAC25-CODE-KODCODE-CTX8K-S1-BETA01-V1_1783425947
Cold-start 25%,0.1,140,MBPP+,0.48677248677248675,ONPOLICY-SFT-Qwen3-1P7B-COLDSTART-FRAC25-CODE-KODCODE-CTX8K-S1-BETA01-V1_1783425947
Cold-start 25%,0.1,145,MBPP+,0.47619047619047616,ONPOLICY-SFT-Qwen3-1P7B-COLDSTART-FRAC25-CODE-KODCODE-CTX8K-S1-BETA01-V1_1783425947
Cold-start 25%,0.1,150,MBPP+,0.4947089947089947,ONPOLICY-SFT-Qwen3-1P7B-COLDSTART-FRAC25-CODE-KODCODE-CTX8K-S1-BETA01-V1_1783425947
Cold-start 50%,0.0,0,MBPP+,0.5476190476190477,ONPOLICY-SFT-Qwen3-1P7B-COLDSTART-FRAC50-CODE-KODCODE-CTX8K-S1-BETA0-V1_1783435522
Cold-start 50%,0.0,5,MBPP+,0.5555555555555556,ONPOLICY-SFT-Qwen3-1P7B-COLDSTART-FRAC50-CODE-KODCODE-CTX8K-S1-BETA0-V1_1783435522
Cold-start 50%,0.0,10,MBPP+,0.5476190476190477,ONPOLICY-SFT-Qwen3-1P7B-COLDSTART-FRAC50-CODE-KODCODE-CTX8K-S1-BETA0-V1_1783435522
Cold-start 50%,0.0,15,MBPP+,0.5476190476190477,ONPOLICY-SFT-Qwen3-1P7B-COLDSTART-FRAC50-CODE-KODCODE-CTX8K-S1-BETA0-V1_1783435522
Cold-start 50%,0.0,20,MBPP+,0.5343915343915344,ONPOLICY-SFT-Qwen3-1P7B-COLDSTART-FRAC50-CODE-KODCODE-CTX8K-S1-BETA0-V1_1783435522
Cold-start 50%,0.0,25,MBPP+,0.544973544973545,ONPOLICY-SFT-Qwen3-1P7B-COLDSTART-FRAC50-CODE-KODCODE-CTX8K-S1-BETA0-V1_1783435522
Cold-start 50%,0.0,30,MBPP+,0.5476190476190477,ONPOLICY-SFT-Qwen3-1P7B-COLDSTART-FRAC50-CODE-KODCODE-CTX8K-S1-BETA0-V1_1783435522
Cold-start 50%,0.0,35,MBPP+,0.5317460317460317,ONPOLICY-SFT-Qwen3-1P7B-COLDSTART-FRAC50-CODE-KODCODE-CTX8K-S1-BETA0-V1_1783435522
Cold-start 50%,0.0,40,MBPP+,0.5502645502645502,ONPOLICY-SFT-Qwen3-1P7B-COLDSTART-FRAC50-CODE-KODCODE-CTX8K-S1-BETA0-V1_1783435522
Cold-start 50%,0.0,45,MBPP+,0.5423280423280423,ONPOLICY-SFT-Qwen3-1P7B-COLDSTART-FRAC50-CODE-KODCODE-CTX8K-S1-BETA0-V1_1783435522
Cold-start 50%,0.0,50,MBPP+,0.5291005291005291,ONPOLICY-SFT-Qwen3-1P7B-COLDSTART-FRAC50-CODE-KODCODE-CTX8K-S1-BETA0-V1_1783435522
Cold-start 50%,0.0,55,MBPP+,0.5423280423280423,ONPOLICY-SFT-Qwen3-1P7B-COLDSTART-FRAC50-CODE-KODCODE-CTX8K-S1-BETA0-V1_1783435522
Cold-start 50%,0.0,60,MBPP+,0.5423280423280423,ONPOLICY-SFT-Qwen3-1P7B-COLDSTART-FRAC50-CODE-KODCODE-CTX8K-S1-BETA0-V1_1783435522
Cold-start 50%,0.0,65,MBPP+,0.5396825396825397,ONPOLICY-SFT-Qwen3-1P7B-COLDSTART-FRAC50-CODE-KODCODE-CTX8K-S1-BETA0-V1_1783435522
Cold-start 50%,0.0,70,MBPP+,0.544973544973545,ONPOLICY-SFT-Qwen3-1P7B-COLDSTART-FRAC50-CODE-KODCODE-CTX8K-S1-BETA0-V1_1783435522
Cold-start 50%,0.0,75,MBPP+,0.5370370370370371,ONPOLICY-SFT-Qwen3-1P7B-COLDSTART-FRAC50-CODE-KODCODE-CTX8K-S1-BETA0-V1_1783435522
Cold-start 50%,0.0,80,MBPP+,0.5476190476190477,ONPOLICY-SFT-Qwen3-1P7B-COLDSTART-FRAC50-CODE-KODCODE-CTX8K-S1-BETA0-V1_1783435522
Cold-start 50%,0.0,85,MBPP+,0.544973544973545,ONPOLICY-SFT-Qwen3-1P7B-COLDSTART-FRAC50-CODE-KODCODE-CTX8K-S1-BETA0-V1_1783435522
Cold-start 50%,0.0,90,MBPP+,0.5608465608465608,ONPOLICY-SFT-Qwen3-1P7B-COLDSTART-FRAC50-CODE-KODCODE-CTX8K-S1-BETA0-V1_1783435522
Cold-start 50%,0.0,95,MBPP+,0.5317460317460317,ONPOLICY-SFT-Qwen3-1P7B-COLDSTART-FRAC50-CODE-KODCODE-CTX8K-S1-BETA0-V1_1783435522
Cold-start 50%,0.0,100,MBPP+,0.5502645502645502,ONPOLICY-SFT-Qwen3-1P7B-COLDSTART-FRAC50-CODE-KODCODE-CTX8K-S1-BETA0-V1_1783435522
Cold-start 50%,0.0,105,MBPP+,0.5502645502645502,ONPOLICY-SFT-Qwen3-1P7B-COLDSTART-FRAC50-CODE-KODCODE-CTX8K-S1-BETA0-V1_1783435522
Cold-start 50%,0.0,110,MBPP+,0.5396825396825397,ONPOLICY-SFT-Qwen3-1P7B-COLDSTART-FRAC50-CODE-KODCODE-CTX8K-S1-BETA0-V1_1783435522
Cold-start 50%,0.0,115,MBPP+,0.5264550264550265,ONPOLICY-SFT-Qwen3-1P7B-COLDSTART-FRAC50-CODE-KODCODE-CTX8K-S1-BETA0-V1_1783435522
Cold-start 50%,0.0,120,MBPP+,0.5343915343915344,ONPOLICY-SFT-Qwen3-1P7B-COLDSTART-FRAC50-CODE-KODCODE-CTX8K-S1-BETA0-V1_1783435522
Cold-start 50%,0.0,125,MBPP+,0.5343915343915344,ONPOLICY-SFT-Qwen3-1P7B-COLDSTART-FRAC50-CODE-KODCODE-CTX8K-S1-BETA0-V1_1783435522
Cold-start 50%,0.0,130,MBPP+,0.5582010582010583,ONPOLICY-SFT-Qwen3-1P7B-COLDSTART-FRAC50-CODE-KODCODE-CTX8K-S1-BETA0-V1_1783435522
Cold-start 50%,0.0,135,MBPP+,0.5502645502645502,ONPOLICY-SFT-Qwen3-1P7B-COLDSTART-FRAC50-CODE-KODCODE-CTX8K-S1-BETA0-V1_1783435522
Cold-start 50%,0.0,140,MBPP+,0.5529100529100529,ONPOLICY-SFT-Qwen3-1P7B-COLDSTART-FRAC50-CODE-KODCODE-CTX8K-S1-BETA0-V1_1783435522
Cold-start 50%,0.0,145,MBPP+,0.5634920634920635,ONPOLICY-SFT-Qwen3-1P7B-COLDSTART-FRAC50-CODE-KODCODE-CTX8K-S1-BETA0-V1_1783435522
Cold-start 50%,0.0,150,MBPP+,0.5502645502645502,ONPOLICY-SFT-Qwen3-1P7B-COLDSTART-FRAC50-CODE-KODCODE-CTX8K-S1-BETA0-V1_1783435522
Cold-start 50%,0.1,0,MBPP+,0.5264550264550265,ONPOLICY-SFT-Qwen3-1P7B-COLDSTART-FRAC50-CODE-KODCODE-CTX8K-S1-BETA01-V1_1783444888
Cold-start 50%,0.1,5,MBPP+,0.5264550264550265,ONPOLICY-SFT-Qwen3-1P7B-COLDSTART-FRAC50-CODE-KODCODE-CTX8K-S1-BETA01-V1_1783444888
Cold-start 50%,0.1,10,MBPP+,0.5396825396825397,ONPOLICY-SFT-Qwen3-1P7B-COLDSTART-FRAC50-CODE-KODCODE-CTX8K-S1-BETA01-V1_1783444888
Cold-start 50%,0.1,15,MBPP+,0.5423280423280423,ONPOLICY-SFT-Qwen3-1P7B-COLDSTART-FRAC50-CODE-KODCODE-CTX8K-S1-BETA01-V1_1783444888
Cold-start 50%,0.1,20,MBPP+,0.5396825396825397,ONPOLICY-SFT-Qwen3-1P7B-COLDSTART-FRAC50-CODE-KODCODE-CTX8K-S1-BETA01-V1_1783444888
Cold-start 50%,0.1,25,MBPP+,0.5343915343915344,ONPOLICY-SFT-Qwen3-1P7B-COLDSTART-FRAC50-CODE-KODCODE-CTX8K-S1-BETA01-V1_1783444888
Cold-start 50%,0.1,30,MBPP+,0.5502645502645502,ONPOLICY-SFT-Qwen3-1P7B-COLDSTART-FRAC50-CODE-KODCODE-CTX8K-S1-BETA01-V1_1783444888
Cold-start 50%,0.1,35,MBPP+,0.5291005291005291,ONPOLICY-SFT-Qwen3-1P7B-COLDSTART-FRAC50-CODE-KODCODE-CTX8K-S1-BETA01-V1_1783444888
Cold-start 50%,0.1,40,MBPP+,0.5370370370370371,ONPOLICY-SFT-Qwen3-1P7B-COLDSTART-FRAC50-CODE-KODCODE-CTX8K-S1-BETA01-V1_1783444888
Cold-start 50%,0.1,45,MBPP+,0.5396825396825397,ONPOLICY-SFT-Qwen3-1P7B-COLDSTART-FRAC50-CODE-KODCODE-CTX8K-S1-BETA01-V1_1783444888
Cold-start 50%,0.1,50,MBPP+,0.5396825396825397,ONPOLICY-SFT-Qwen3-1P7B-COLDSTART-FRAC50-CODE-KODCODE-CTX8K-S1-BETA01-V1_1783444888
Cold-start 50%,0.1,55,MBPP+,0.5555555555555556,ONPOLICY-SFT-Qwen3-1P7B-COLDSTART-FRAC50-CODE-KODCODE-CTX8K-S1-BETA01-V1_1783444888
Cold-start 50%,0.1,60,MBPP+,0.5529100529100529,ONPOLICY-SFT-Qwen3-1P7B-COLDSTART-FRAC50-CODE-KODCODE-CTX8K-S1-BETA01-V1_1783444888
Cold-start 50%,0.1,65,MBPP+,0.5211640211640212,ONPOLICY-SFT-Qwen3-1P7B-COLDSTART-FRAC50-CODE-KODCODE-CTX8K-S1-BETA01-V1_1783444888
Cold-start 50%,0.1,70,MBPP+,0.5396825396825397,ONPOLICY-SFT-Qwen3-1P7B-COLDSTART-FRAC50-CODE-KODCODE-CTX8K-S1-BETA01-V1_1783444888
Cold-start 50%,0.1,75,MBPP+,0.5423280423280423,ONPOLICY-SFT-Qwen3-1P7B-COLDSTART-FRAC50-CODE-KODCODE-CTX8K-S1-BETA01-V1_1783444888
Cold-start 50%,0.1,80,MBPP+,0.5343915343915344,ONPOLICY-SFT-Qwen3-1P7B-COLDSTART-FRAC50-CODE-KODCODE-CTX8K-S1-BETA01-V1_1783444888
Cold-start 50%,0.1,85,MBPP+,0.5264550264550265,ONPOLICY-SFT-Qwen3-1P7B-COLDSTART-FRAC50-CODE-KODCODE-CTX8K-S1-BETA01-V1_1783444888
Cold-start 50%,0.1,90,MBPP+,0.5661375661375662,ONPOLICY-SFT-Qwen3-1P7B-COLDSTART-FRAC50-CODE-KODCODE-CTX8K-S1-BETA01-V1_1783444888
Cold-start 50%,0.1,95,MBPP+,0.5502645502645502,ONPOLICY-SFT-Qwen3-1P7B-COLDSTART-FRAC50-CODE-KODCODE-CTX8K-S1-BETA01-V1_1783444888
Cold-start 50%,0.1,100,MBPP+,0.544973544973545,ONPOLICY-SFT-Qwen3-1P7B-COLDSTART-FRAC50-CODE-KODCODE-CTX8K-S1-BETA01-V1_1783444888
Cold-start 50%,0.1,105,MBPP+,0.5423280423280423,ONPOLICY-SFT-Qwen3-1P7B-COLDSTART-FRAC50-CODE-KODCODE-CTX8K-S1-BETA01-V1_1783444888
Cold-start 50%,0.1,110,MBPP+,0.5238095238095238,ONPOLICY-SFT-Qwen3-1P7B-COLDSTART-FRAC50-CODE-KODCODE-CTX8K-S1-BETA01-V1_1783444888
Cold-start 50%,0.1,115,MBPP+,0.5370370370370371,ONPOLICY-SFT-Qwen3-1P7B-COLDSTART-FRAC50-CODE-KODCODE-CTX8K-S1-BETA01-V1_1783444888
Cold-start 50%,0.1,120,MBPP+,0.5423280423280423,ONPOLICY-SFT-Qwen3-1P7B-COLDSTART-FRAC50-CODE-KODCODE-CTX8K-S1-BETA01-V1_1783444888
Cold-start 50%,0.1,125,MBPP+,0.5476190476190477,ONPOLICY-SFT-Qwen3-1P7B-COLDSTART-FRAC50-CODE-KODCODE-CTX8K-S1-BETA01-V1_1783444888
Cold-start 50%,0.1,130,MBPP+,0.5529100529100529,ONPOLICY-SFT-Qwen3-1P7B-COLDSTART-FRAC50-CODE-KODCODE-CTX8K-S1-BETA01-V1_1783444888
Cold-start 50%,0.1,135,MBPP+,0.5555555555555556,ONPOLICY-SFT-Qwen3-1P7B-COLDSTART-FRAC50-CODE-KODCODE-CTX8K-S1-BETA01-V1_1783444888
Cold-start 50%,0.1,140,MBPP+,0.5423280423280423,ONPOLICY-SFT-Qwen3-1P7B-COLDSTART-FRAC50-CODE-KODCODE-CTX8K-S1-BETA01-V1_1783444888
Cold-start 50%,0.1,145,MBPP+,0.5502645502645502,ONPOLICY-SFT-Qwen3-1P7B-COLDSTART-FRAC50-CODE-KODCODE-CTX8K-S1-BETA01-V1_1783444888
Cold-start 50%,0.1,150,MBPP+,0.5317460317460317,ONPOLICY-SFT-Qwen3-1P7B-COLDSTART-FRAC50-CODE-KODCODE-CTX8K-S1-BETA01-V1_1783444888
Raw,0.0,0,MBPP+,0.0,Raw 1.7B Stage1 $\beta=0.0$
Raw,0.0,5,MBPP+,0.0,Raw 1.7B Stage1 $\beta=0.0$
Raw,0.0,10,MBPP+,0.0,Raw 1.7B Stage1 $\beta=0.0$
Raw,0.0,15,MBPP+,0.0,Raw 1.7B Stage1 $\beta=0.0$
Raw,0.0,20,MBPP+,0.0,Raw 1.7B Stage1 $\beta=0.0$
Raw,0.0,25,MBPP+,0.0,Raw 1.7B Stage1 $\beta=0.0$
Raw,0.0,30,MBPP+,0.0026455026455026454,Raw 1.7B Stage1 $\beta=0.0$
Raw,0.0,35,MBPP+,0.0,Raw 1.7B Stage1 $\beta=0.0$
Raw,0.0,40,MBPP+,0.0,Raw 1.7B Stage1 $\beta=0.0$
Raw,0.0,45,MBPP+,0.0,Raw 1.7B Stage1 $\beta=0.0$
Raw,0.0,50,MBPP+,0.0,Raw 1.7B Stage1 $\beta=0.0$
Raw,0.0,55,MBPP+,0.0,Raw 1.7B Stage1 $\beta=0.0$
Raw,0.0,60,MBPP+,0.0026455026455026454,Raw 1.7B Stage1 $\beta=0.0$
Raw,0.0,65,MBPP+,0.0,Raw 1.7B Stage1 $\beta=0.0$
Raw,0.0,70,MBPP+,0.007936507936507936,Raw 1.7B Stage1 $\beta=0.0$
Raw,0.0,75,MBPP+,0.30952380952380953,Raw 1.7B Stage1 $\beta=0.0$
Raw,0.0,80,MBPP+,0.5873015873015873,Raw 1.7B Stage1 $\beta=0.0$
Raw,0.0,85,MBPP+,0.6031746031746031,Raw 1.7B Stage1 $\beta=0.0$
Raw,0.0,90,MBPP+,0.626984126984127,Raw 1.7B Stage1 $\beta=0.0$
Raw,0.0,95,MBPP+,0.626984126984127,Raw 1.7B Stage1 $\beta=0.0$
Raw,0.0,100,MBPP+,0.6296296296296297,Raw 1.7B Stage1 $\beta=0.0$
Raw,0.0,105,MBPP+,0.6005291005291006,Raw 1.7B Stage1 $\beta=0.0$
Raw,0.0,110,MBPP+,0.6164021164021164,Raw 1.7B Stage1 $\beta=0.0$
Raw,0.0,115,MBPP+,0.6322751322751323,Raw 1.7B Stage1 $\beta=0.0$
Raw,0.0,120,MBPP+,0.626984126984127,Raw 1.7B Stage1 $\beta=0.0$
Raw,0.0,125,MBPP+,0.6137566137566137,Raw 1.7B Stage1 $\beta=0.0$
Raw,0.0,130,MBPP+,0.6243386243386243,Raw 1.7B Stage1 $\beta=0.0$
Raw,0.0,135,MBPP+,0.6164021164021164,Raw 1.7B Stage1 $\beta=0.0$
Raw,0.0,140,MBPP+,0.6190476190476191,Raw 1.7B Stage1 $\beta=0.0$
Raw,0.0,145,MBPP+,0.58994708994709,Raw 1.7B Stage1 $\beta=0.0$
Raw,0.0,150,MBPP+,0.6164021164021164,Raw 1.7B Stage1 $\beta=0.0$
Raw,0.1,0,MBPP+,0.0,Raw 1.7B Stage1 $\beta=0.1$
Raw,0.1,5,MBPP+,0.0,Raw 1.7B Stage1 $\beta=0.1$
Raw,0.1,10,MBPP+,0.0,Raw 1.7B Stage1 $\beta=0.1$
Raw,0.1,15,MBPP+,0.0,Raw 1.7B Stage1 $\beta=0.1$
Raw,0.1,20,MBPP+,0.0,Raw 1.7B Stage1 $\beta=0.1$
Raw,0.1,25,MBPP+,0.0,Raw 1.7B Stage1 $\beta=0.1$
Raw,0.1,30,MBPP+,0.0,Raw 1.7B Stage1 $\beta=0.1$
Raw,0.1,35,MBPP+,0.0,Raw 1.7B Stage1 $\beta=0.1$
Raw,0.1,40,MBPP+,0.0,Raw 1.7B Stage1 $\beta=0.1$
Raw,0.1,45,MBPP+,0.0,Raw 1.7B Stage1 $\beta=0.1$
Raw,0.1,50,MBPP+,0.0,Raw 1.7B Stage1 $\beta=0.1$
Raw,0.1,55,MBPP+,0.0,Raw 1.7B Stage1 $\beta=0.1$
Raw,0.1,60,MBPP+,0.0,Raw 1.7B Stage1 $\beta=0.1$
Raw,0.1,65,MBPP+,0.0,Raw 1.7B Stage1 $\beta=0.1$
Raw,0.1,70,MBPP+,0.021164021164021163,Raw 1.7B Stage1 $\beta=0.1$
Raw,0.1,75,MBPP+,0.30687830687830686,Raw 1.7B Stage1 $\beta=0.1$
Raw,0.1,80,MBPP+,0.5608465608465608,Raw 1.7B Stage1 $\beta=0.1$
Raw,0.1,85,MBPP+,0.6164021164021164,Raw 1.7B Stage1 $\beta=0.1$
Raw,0.1,90,MBPP+,0.6243386243386243,Raw 1.7B Stage1 $\beta=0.1$
Raw,0.1,95,MBPP+,0.6111111111111112,Raw 1.7B Stage1 $\beta=0.1$
Raw,0.1,100,MBPP+,0.6111111111111112,Raw 1.7B Stage1 $\beta=0.1$
Raw,0.1,105,MBPP+,0.6243386243386243,Raw 1.7B Stage1 $\beta=0.1$
Raw,0.1,110,MBPP+,0.626984126984127,Raw 1.7B Stage1 $\beta=0.1$
Raw,0.1,115,MBPP+,0.6164021164021164,Raw 1.7B Stage1 $\beta=0.1$
Raw,0.1,120,MBPP+,0.6058201058201058,Raw 1.7B Stage1 $\beta=0.1$
Raw,0.1,125,MBPP+,0.6190476190476191,Raw 1.7B Stage1 $\beta=0.1$
Raw,0.1,130,MBPP+,0.5925925925925926,Raw 1.7B Stage1 $\beta=0.1$
Raw,0.1,135,MBPP+,0.6111111111111112,Raw 1.7B Stage1 $\beta=0.1$
Raw,0.1,140,MBPP+,0.6216931216931217,Raw 1.7B Stage1 $\beta=0.1$
Raw,0.1,145,MBPP+,0.5978835978835979,Raw 1.7B Stage1 $\beta=0.1$
Raw,0.1,150,MBPP+,0.6084656084656085,Raw 1.7B Stage1 $\beta=0.1$
