run,run_short,step,metric,key,value
Cold-start 1.7B Stage1 $\beta=0.0$,beta0,0,HumanEval+,val-core/HumanEval+/acc/pass@1,0.5
Cold-start 1.7B Stage1 $\beta=0.0$,beta0,0,MBPP+,val-core/MBPP+/acc/pass@1,0.5264550264550265
Cold-start 1.7B Stage1 $\beta=0.0$,beta0,0,LiveCodeBench,val-core/LiveCodeBench/acc/pass@1,0.171875
Cold-start 1.7B Stage1 $\beta=0.0$,beta0,0,HumanEval+ extraction fail,val-aux/HumanEval+/code_reward_extraction_fail/mean@1,0.0
Cold-start 1.7B Stage1 $\beta=0.0$,beta0,1,Rollout correct ratio,wdl_sft/correct_ratio,0.435546875
Cold-start 1.7B Stage1 $\beta=0.0$,beta0,1,Gradient norm,actor/grad_norm,7.5032124519348145
Cold-start 1.7B Stage1 $\beta=0.0$,beta0,2,Rollout correct ratio,wdl_sft/correct_ratio,0.45703125
Cold-start 1.7B Stage1 $\beta=0.0$,beta0,2,Gradient norm,actor/grad_norm,7.083032131195068
Cold-start 1.7B Stage1 $\beta=0.0$,beta0,3,Rollout correct ratio,wdl_sft/correct_ratio,0.466796875
Cold-start 1.7B Stage1 $\beta=0.0$,beta0,3,Gradient norm,actor/grad_norm,7.2145280838012695
Cold-start 1.7B Stage1 $\beta=0.0$,beta0,4,Rollout correct ratio,wdl_sft/correct_ratio,0.396484375
Cold-start 1.7B Stage1 $\beta=0.0$,beta0,4,Gradient norm,actor/grad_norm,7.940150737762451
Cold-start 1.7B Stage1 $\beta=0.0$,beta0,5,HumanEval+,val-core/HumanEval+/acc/pass@1,0.5060975609756098
Cold-start 1.7B Stage1 $\beta=0.0$,beta0,5,MBPP+,val-core/MBPP+/acc/pass@1,0.48677248677248675
Cold-start 1.7B Stage1 $\beta=0.0$,beta0,5,LiveCodeBench,val-core/LiveCodeBench/acc/pass@1,0.1484375
Cold-start 1.7B Stage1 $\beta=0.0$,beta0,5,Rollout correct ratio,wdl_sft/correct_ratio,0.43359375
Cold-start 1.7B Stage1 $\beta=0.0$,beta0,5,HumanEval+ extraction fail,val-aux/HumanEval+/code_reward_extraction_fail/mean@1,0.0
Cold-start 1.7B Stage1 $\beta=0.0$,beta0,5,Gradient norm,actor/grad_norm,7.476863384246826
Cold-start 1.7B Stage1 $\beta=0.0$,beta0,6,Rollout correct ratio,wdl_sft/correct_ratio,0.400390625
Cold-start 1.7B Stage1 $\beta=0.0$,beta0,6,Gradient norm,actor/grad_norm,9.046965599060059
Cold-start 1.7B Stage1 $\beta=0.0$,beta0,7,Rollout correct ratio,wdl_sft/correct_ratio,0.33203125
Cold-start 1.7B Stage1 $\beta=0.0$,beta0,7,Gradient norm,actor/grad_norm,9.422863006591797
Cold-start 1.7B Stage1 $\beta=0.0$,beta0,8,Rollout correct ratio,wdl_sft/correct_ratio,0.4453125
Cold-start 1.7B Stage1 $\beta=0.0$,beta0,8,Gradient norm,actor/grad_norm,7.745241641998291
Cold-start 1.7B Stage1 $\beta=0.0$,beta0,9,Rollout correct ratio,wdl_sft/correct_ratio,0.37890625
Cold-start 1.7B Stage1 $\beta=0.0$,beta0,9,Gradient norm,actor/grad_norm,9.815751075744629
Cold-start 1.7B Stage1 $\beta=0.0$,beta0,10,HumanEval+,val-core/HumanEval+/acc/pass@1,0.47560975609756095
Cold-start 1.7B Stage1 $\beta=0.0$,beta0,10,MBPP+,val-core/MBPP+/acc/pass@1,0.4947089947089947
Cold-start 1.7B Stage1 $\beta=0.0$,beta0,10,LiveCodeBench,val-core/LiveCodeBench/acc/pass@1,0.15625
Cold-start 1.7B Stage1 $\beta=0.0$,beta0,10,Rollout correct ratio,wdl_sft/correct_ratio,0.490234375
Cold-start 1.7B Stage1 $\beta=0.0$,beta0,10,HumanEval+ extraction fail,val-aux/HumanEval+/code_reward_extraction_fail/mean@1,0.018292682926829267
Cold-start 1.7B Stage1 $\beta=0.0$,beta0,10,Gradient norm,actor/grad_norm,7.190329074859619
Cold-start 1.7B Stage1 $\beta=0.0$,beta0,11,Rollout correct ratio,wdl_sft/correct_ratio,0.341796875
Cold-start 1.7B Stage1 $\beta=0.0$,beta0,11,Gradient norm,actor/grad_norm,10.021507263183594
Cold-start 1.7B Stage1 $\beta=0.0$,beta0,12,Rollout correct ratio,wdl_sft/correct_ratio,0.36328125
Cold-start 1.7B Stage1 $\beta=0.0$,beta0,12,Gradient norm,actor/grad_norm,8.226090431213379
Cold-start 1.7B Stage1 $\beta=0.0$,beta0,13,Rollout correct ratio,wdl_sft/correct_ratio,0.375
Cold-start 1.7B Stage1 $\beta=0.0$,beta0,13,Gradient norm,actor/grad_norm,10.18044376373291
Cold-start 1.7B Stage1 $\beta=0.0$,beta0,14,Rollout correct ratio,wdl_sft/correct_ratio,0.462890625
Cold-start 1.7B Stage1 $\beta=0.0$,beta0,14,Gradient norm,actor/grad_norm,8.868290901184082
Cold-start 1.7B Stage1 $\beta=0.0$,beta0,15,HumanEval+,val-core/HumanEval+/acc/pass@1,0.4817073170731707
Cold-start 1.7B Stage1 $\beta=0.0$,beta0,15,MBPP+,val-core/MBPP+/acc/pass@1,0.5052910052910053
Cold-start 1.7B Stage1 $\beta=0.0$,beta0,15,LiveCodeBench,val-core/LiveCodeBench/acc/pass@1,0.140625
Cold-start 1.7B Stage1 $\beta=0.0$,beta0,15,Rollout correct ratio,wdl_sft/correct_ratio,0.44921875
Cold-start 1.7B Stage1 $\beta=0.0$,beta0,15,HumanEval+ extraction fail,val-aux/HumanEval+/code_reward_extraction_fail/mean@1,0.012195121951219513
Cold-start 1.7B Stage1 $\beta=0.0$,beta0,15,Gradient norm,actor/grad_norm,7.5871076583862305
Cold-start 1.7B Stage1 $\beta=0.0$,beta0,16,Rollout correct ratio,wdl_sft/correct_ratio,0.44921875
Cold-start 1.7B Stage1 $\beta=0.0$,beta0,16,Gradient norm,actor/grad_norm,9.170422554016113
Cold-start 1.7B Stage1 $\beta=0.0$,beta0,17,Rollout correct ratio,wdl_sft/correct_ratio,0.45703125
Cold-start 1.7B Stage1 $\beta=0.0$,beta0,17,Gradient norm,actor/grad_norm,8.128324508666992
Cold-start 1.7B Stage1 $\beta=0.0$,beta0,18,Rollout correct ratio,wdl_sft/correct_ratio,0.359375
Cold-start 1.7B Stage1 $\beta=0.0$,beta0,18,Gradient norm,actor/grad_norm,9.082027435302734
Cold-start 1.7B Stage1 $\beta=0.0$,beta0,19,Rollout correct ratio,wdl_sft/correct_ratio,0.419921875
Cold-start 1.7B Stage1 $\beta=0.0$,beta0,19,Gradient norm,actor/grad_norm,7.801157474517822
Cold-start 1.7B Stage1 $\beta=0.0$,beta0,20,HumanEval+,val-core/HumanEval+/acc/pass@1,0.5
Cold-start 1.7B Stage1 $\beta=0.0$,beta0,20,MBPP+,val-core/MBPP+/acc/pass@1,0.5185185185185185
Cold-start 1.7B Stage1 $\beta=0.0$,beta0,20,LiveCodeBench,val-core/LiveCodeBench/acc/pass@1,0.1640625
Cold-start 1.7B Stage1 $\beta=0.0$,beta0,20,Rollout correct ratio,wdl_sft/correct_ratio,0.416015625
Cold-start 1.7B Stage1 $\beta=0.0$,beta0,20,HumanEval+ extraction fail,val-aux/HumanEval+/code_reward_extraction_fail/mean@1,0.006097560975609756
Cold-start 1.7B Stage1 $\beta=0.0$,beta0,20,Gradient norm,actor/grad_norm,7.624312400817871
Cold-start 1.7B Stage1 $\beta=0.0$,beta0,21,Rollout correct ratio,wdl_sft/correct_ratio,0.345703125
Cold-start 1.7B Stage1 $\beta=0.0$,beta0,21,Gradient norm,actor/grad_norm,10.431927680969238
Cold-start 1.7B Stage1 $\beta=0.0$,beta0,22,Rollout correct ratio,wdl_sft/correct_ratio,0.416015625
Cold-start 1.7B Stage1 $\beta=0.0$,beta0,22,Gradient norm,actor/grad_norm,8.316381454467773
Cold-start 1.7B Stage1 $\beta=0.0$,beta0,23,Rollout correct ratio,wdl_sft/correct_ratio,0.40234375
Cold-start 1.7B Stage1 $\beta=0.0$,beta0,23,Gradient norm,actor/grad_norm,10.10755443572998
Cold-start 1.7B Stage1 $\beta=0.0$,beta0,24,Rollout correct ratio,wdl_sft/correct_ratio,0.41015625
Cold-start 1.7B Stage1 $\beta=0.0$,beta0,24,Gradient norm,actor/grad_norm,8.10262680053711
Cold-start 1.7B Stage1 $\beta=0.0$,beta0,25,HumanEval+,val-core/HumanEval+/acc/pass@1,0.4878048780487805
Cold-start 1.7B Stage1 $\beta=0.0$,beta0,25,MBPP+,val-core/MBPP+/acc/pass@1,0.5158730158730159
Cold-start 1.7B Stage1 $\beta=0.0$,beta0,25,LiveCodeBench,val-core/LiveCodeBench/acc/pass@1,0.171875
Cold-start 1.7B Stage1 $\beta=0.0$,beta0,25,Rollout correct ratio,wdl_sft/correct_ratio,0.3046875
Cold-start 1.7B Stage1 $\beta=0.0$,beta0,25,HumanEval+ extraction fail,val-aux/HumanEval+/code_reward_extraction_fail/mean@1,0.006097560975609756
Cold-start 1.7B Stage1 $\beta=0.0$,beta0,25,Gradient norm,actor/grad_norm,9.973134994506836
Cold-start 1.7B Stage1 $\beta=0.0$,beta0,26,Rollout correct ratio,wdl_sft/correct_ratio,0.443359375
Cold-start 1.7B Stage1 $\beta=0.0$,beta0,26,Gradient norm,actor/grad_norm,8.67255973815918
Cold-start 1.7B Stage1 $\beta=0.0$,beta0,27,Rollout correct ratio,wdl_sft/correct_ratio,0.43359375
Cold-start 1.7B Stage1 $\beta=0.0$,beta0,27,Gradient norm,actor/grad_norm,7.433328628540039
Cold-start 1.7B Stage1 $\beta=0.0$,beta0,28,Rollout correct ratio,wdl_sft/correct_ratio,0.376953125
Cold-start 1.7B Stage1 $\beta=0.0$,beta0,28,Gradient norm,actor/grad_norm,8.95300006866455
Cold-start 1.7B Stage1 $\beta=0.0$,beta0,29,Rollout correct ratio,wdl_sft/correct_ratio,0.40234375
Cold-start 1.7B Stage1 $\beta=0.0$,beta0,29,Gradient norm,actor/grad_norm,10.381596565246582
Cold-start 1.7B Stage1 $\beta=0.0$,beta0,30,HumanEval+,val-core/HumanEval+/acc/pass@1,0.45121951219512196
Cold-start 1.7B Stage1 $\beta=0.0$,beta0,30,MBPP+,val-core/MBPP+/acc/pass@1,0.49206349206349204
Cold-start 1.7B Stage1 $\beta=0.0$,beta0,30,LiveCodeBench,val-core/LiveCodeBench/acc/pass@1,0.140625
Cold-start 1.7B Stage1 $\beta=0.0$,beta0,30,Rollout correct ratio,wdl_sft/correct_ratio,0.376953125
Cold-start 1.7B Stage1 $\beta=0.0$,beta0,30,HumanEval+ extraction fail,val-aux/HumanEval+/code_reward_extraction_fail/mean@1,0.018292682926829267
Cold-start 1.7B Stage1 $\beta=0.0$,beta0,30,Gradient norm,actor/grad_norm,9.640140533447266
Cold-start 1.7B Stage1 $\beta=0.0$,beta0,31,Rollout correct ratio,wdl_sft/correct_ratio,0.421875
Cold-start 1.7B Stage1 $\beta=0.0$,beta0,31,Gradient norm,actor/grad_norm,7.276387691497803
Cold-start 1.7B Stage1 $\beta=0.0$,beta0,32,Rollout correct ratio,wdl_sft/correct_ratio,0.43359375
Cold-start 1.7B Stage1 $\beta=0.0$,beta0,32,Gradient norm,actor/grad_norm,8.102713584899902
Cold-start 1.7B Stage1 $\beta=0.0$,beta0,33,Rollout correct ratio,wdl_sft/correct_ratio,0.4375
Cold-start 1.7B Stage1 $\beta=0.0$,beta0,33,Gradient norm,actor/grad_norm,8.145942687988281
Cold-start 1.7B Stage1 $\beta=0.0$,beta0,34,Rollout correct ratio,wdl_sft/correct_ratio,0.427734375
Cold-start 1.7B Stage1 $\beta=0.0$,beta0,34,Gradient norm,actor/grad_norm,8.623152732849121
Cold-start 1.7B Stage1 $\beta=0.0$,beta0,35,HumanEval+,val-core/HumanEval+/acc/pass@1,0.47560975609756095
Cold-start 1.7B Stage1 $\beta=0.0$,beta0,35,MBPP+,val-core/MBPP+/acc/pass@1,0.4894179894179894
Cold-start 1.7B Stage1 $\beta=0.0$,beta0,35,LiveCodeBench,val-core/LiveCodeBench/acc/pass@1,0.15625
Cold-start 1.7B Stage1 $\beta=0.0$,beta0,35,Rollout correct ratio,wdl_sft/correct_ratio,0.408203125
Cold-start 1.7B Stage1 $\beta=0.0$,beta0,35,HumanEval+ extraction fail,val-aux/HumanEval+/code_reward_extraction_fail/mean@1,0.012195121951219513
Cold-start 1.7B Stage1 $\beta=0.0$,beta0,35,Gradient norm,actor/grad_norm,8.379478454589844
Cold-start 1.7B Stage1 $\beta=0.0$,beta0,36,Rollout correct ratio,wdl_sft/correct_ratio,0.3984375
Cold-start 1.7B Stage1 $\beta=0.0$,beta0,36,Gradient norm,actor/grad_norm,9.096214294433594
Cold-start 1.7B Stage1 $\beta=0.0$,beta0,37,Rollout correct ratio,wdl_sft/correct_ratio,0.51171875
Cold-start 1.7B Stage1 $\beta=0.0$,beta0,37,Gradient norm,actor/grad_norm,7.533849716186523
Cold-start 1.7B Stage1 $\beta=0.0$,beta0,38,Rollout correct ratio,wdl_sft/correct_ratio,0.369140625
Cold-start 1.7B Stage1 $\beta=0.0$,beta0,38,Gradient norm,actor/grad_norm,9.092803955078125
Cold-start 1.7B Stage1 $\beta=0.0$,beta0,39,Rollout correct ratio,wdl_sft/correct_ratio,0.458984375
Cold-start 1.7B Stage1 $\beta=0.0$,beta0,39,Gradient norm,actor/grad_norm,8.03221607208252
Cold-start 1.7B Stage1 $\beta=0.0$,beta0,40,HumanEval+,val-core/HumanEval+/acc/pass@1,0.5
Cold-start 1.7B Stage1 $\beta=0.0$,beta0,40,MBPP+,val-core/MBPP+/acc/pass@1,0.5
Cold-start 1.7B Stage1 $\beta=0.0$,beta0,40,LiveCodeBench,val-core/LiveCodeBench/acc/pass@1,0.1484375
Cold-start 1.7B Stage1 $\beta=0.0$,beta0,40,Rollout correct ratio,wdl_sft/correct_ratio,0.412109375
Cold-start 1.7B Stage1 $\beta=0.0$,beta0,40,HumanEval+ extraction fail,val-aux/HumanEval+/code_reward_extraction_fail/mean@1,0.006097560975609756
Cold-start 1.7B Stage1 $\beta=0.0$,beta0,40,Gradient norm,actor/grad_norm,8.851851463317871
Cold-start 1.7B Stage1 $\beta=0.0$,beta0,41,Rollout correct ratio,wdl_sft/correct_ratio,0.41796875
Cold-start 1.7B Stage1 $\beta=0.0$,beta0,41,Gradient norm,actor/grad_norm,9.446784019470215
Cold-start 1.7B Stage1 $\beta=0.0$,beta0,42,Rollout correct ratio,wdl_sft/correct_ratio,0.431640625
Cold-start 1.7B Stage1 $\beta=0.0$,beta0,42,Gradient norm,actor/grad_norm,8.57108211517334
Cold-start 1.7B Stage1 $\beta=0.0$,beta0,43,Rollout correct ratio,wdl_sft/correct_ratio,0.37890625
Cold-start 1.7B Stage1 $\beta=0.0$,beta0,43,Gradient norm,actor/grad_norm,9.253618240356445
Cold-start 1.7B Stage1 $\beta=0.0$,beta0,44,Rollout correct ratio,wdl_sft/correct_ratio,0.4609375
Cold-start 1.7B Stage1 $\beta=0.0$,beta0,44,Gradient norm,actor/grad_norm,8.580636978149414
Cold-start 1.7B Stage1 $\beta=0.0$,beta0,45,HumanEval+,val-core/HumanEval+/acc/pass@1,0.47560975609756095
Cold-start 1.7B Stage1 $\beta=0.0$,beta0,45,MBPP+,val-core/MBPP+/acc/pass@1,0.5158730158730159
Cold-start 1.7B Stage1 $\beta=0.0$,beta0,45,LiveCodeBench,val-core/LiveCodeBench/acc/pass@1,0.1484375
Cold-start 1.7B Stage1 $\beta=0.0$,beta0,45,Rollout correct ratio,wdl_sft/correct_ratio,0.41015625
Cold-start 1.7B Stage1 $\beta=0.0$,beta0,45,HumanEval+ extraction fail,val-aux/HumanEval+/code_reward_extraction_fail/mean@1,0.012195121951219513
Cold-start 1.7B Stage1 $\beta=0.0$,beta0,45,Gradient norm,actor/grad_norm,8.528867721557617
Cold-start 1.7B Stage1 $\beta=0.0$,beta0,46,Rollout correct ratio,wdl_sft/correct_ratio,0.4765625
Cold-start 1.7B Stage1 $\beta=0.0$,beta0,46,Gradient norm,actor/grad_norm,7.917435646057129
Cold-start 1.7B Stage1 $\beta=0.0$,beta0,47,Rollout correct ratio,wdl_sft/correct_ratio,0.53125
Cold-start 1.7B Stage1 $\beta=0.0$,beta0,47,Gradient norm,actor/grad_norm,6.838563442230225
Cold-start 1.7B Stage1 $\beta=0.0$,beta0,48,Rollout correct ratio,wdl_sft/correct_ratio,0.423828125
Cold-start 1.7B Stage1 $\beta=0.0$,beta0,48,Gradient norm,actor/grad_norm,8.332080841064453
Cold-start 1.7B Stage1 $\beta=0.0$,beta0,49,Rollout correct ratio,wdl_sft/correct_ratio,0.46484375
Cold-start 1.7B Stage1 $\beta=0.0$,beta0,49,Gradient norm,actor/grad_norm,6.937053680419922
Cold-start 1.7B Stage1 $\beta=0.0$,beta0,50,HumanEval+,val-core/HumanEval+/acc/pass@1,0.5
Cold-start 1.7B Stage1 $\beta=0.0$,beta0,50,MBPP+,val-core/MBPP+/acc/pass@1,0.5026455026455027
Cold-start 1.7B Stage1 $\beta=0.0$,beta0,50,LiveCodeBench,val-core/LiveCodeBench/acc/pass@1,0.1484375
Cold-start 1.7B Stage1 $\beta=0.0$,beta0,50,Rollout correct ratio,wdl_sft/correct_ratio,0.505859375
Cold-start 1.7B Stage1 $\beta=0.0$,beta0,50,HumanEval+ extraction fail,val-aux/HumanEval+/code_reward_extraction_fail/mean@1,0.006097560975609756
Cold-start 1.7B Stage1 $\beta=0.0$,beta0,50,Gradient norm,actor/grad_norm,8.437183380126953
Cold-start 1.7B Stage1 $\beta=0.0$,beta0,51,Rollout correct ratio,wdl_sft/correct_ratio,0.482421875
Cold-start 1.7B Stage1 $\beta=0.0$,beta0,51,Gradient norm,actor/grad_norm,7.512362480163574
Cold-start 1.7B Stage1 $\beta=0.0$,beta0,52,Rollout correct ratio,wdl_sft/correct_ratio,0.4453125
Cold-start 1.7B Stage1 $\beta=0.0$,beta0,52,Gradient norm,actor/grad_norm,7.955750942230225
Cold-start 1.7B Stage1 $\beta=0.0$,beta0,53,Rollout correct ratio,wdl_sft/correct_ratio,0.478515625
Cold-start 1.7B Stage1 $\beta=0.0$,beta0,53,Gradient norm,actor/grad_norm,7.9306254386901855
Cold-start 1.7B Stage1 $\beta=0.0$,beta0,54,Rollout correct ratio,wdl_sft/correct_ratio,0.416015625
Cold-start 1.7B Stage1 $\beta=0.0$,beta0,54,Gradient norm,actor/grad_norm,8.953369140625
Cold-start 1.7B Stage1 $\beta=0.0$,beta0,55,HumanEval+,val-core/HumanEval+/acc/pass@1,0.4573170731707317
Cold-start 1.7B Stage1 $\beta=0.0$,beta0,55,MBPP+,val-core/MBPP+/acc/pass@1,0.5079365079365079
Cold-start 1.7B Stage1 $\beta=0.0$,beta0,55,LiveCodeBench,val-core/LiveCodeBench/acc/pass@1,0.171875
Cold-start 1.7B Stage1 $\beta=0.0$,beta0,55,Rollout correct ratio,wdl_sft/correct_ratio,0.470703125
Cold-start 1.7B Stage1 $\beta=0.0$,beta0,55,HumanEval+ extraction fail,val-aux/HumanEval+/code_reward_extraction_fail/mean@1,0.0
Cold-start 1.7B Stage1 $\beta=0.0$,beta0,55,Gradient norm,actor/grad_norm,6.655730247497559
Cold-start 1.7B Stage1 $\beta=0.0$,beta0,56,Rollout correct ratio,wdl_sft/correct_ratio,0.39453125
Cold-start 1.7B Stage1 $\beta=0.0$,beta0,56,Gradient norm,actor/grad_norm,8.554680824279785
Cold-start 1.7B Stage1 $\beta=0.0$,beta0,57,Rollout correct ratio,wdl_sft/correct_ratio,0.50390625
Cold-start 1.7B Stage1 $\beta=0.0$,beta0,57,Gradient norm,actor/grad_norm,8.044209480285645
Cold-start 1.7B Stage1 $\beta=0.0$,beta0,58,Rollout correct ratio,wdl_sft/correct_ratio,0.41015625
Cold-start 1.7B Stage1 $\beta=0.0$,beta0,58,Gradient norm,actor/grad_norm,9.401358604431152
Cold-start 1.7B Stage1 $\beta=0.0$,beta0,59,Rollout correct ratio,wdl_sft/correct_ratio,0.48828125
Cold-start 1.7B Stage1 $\beta=0.0$,beta0,59,Gradient norm,actor/grad_norm,7.094832897186279
Cold-start 1.7B Stage1 $\beta=0.0$,beta0,60,HumanEval+,val-core/HumanEval+/acc/pass@1,0.4817073170731707
Cold-start 1.7B Stage1 $\beta=0.0$,beta0,60,MBPP+,val-core/MBPP+/acc/pass@1,0.49206349206349204
Cold-start 1.7B Stage1 $\beta=0.0$,beta0,60,LiveCodeBench,val-core/LiveCodeBench/acc/pass@1,0.1796875
Cold-start 1.7B Stage1 $\beta=0.0$,beta0,60,Rollout correct ratio,wdl_sft/correct_ratio,0.4140625
Cold-start 1.7B Stage1 $\beta=0.0$,beta0,60,HumanEval+ extraction fail,val-aux/HumanEval+/code_reward_extraction_fail/mean@1,0.012195121951219513
Cold-start 1.7B Stage1 $\beta=0.0$,beta0,60,Gradient norm,actor/grad_norm,7.650933742523193
Cold-start 1.7B Stage1 $\beta=0.0$,beta0,61,Rollout correct ratio,wdl_sft/correct_ratio,0.4453125
Cold-start 1.7B Stage1 $\beta=0.0$,beta0,61,Gradient norm,actor/grad_norm,7.411802768707275
Cold-start 1.7B Stage1 $\beta=0.0$,beta0,62,Rollout correct ratio,wdl_sft/correct_ratio,0.392578125
Cold-start 1.7B Stage1 $\beta=0.0$,beta0,62,Gradient norm,actor/grad_norm,9.748636245727539
Cold-start 1.7B Stage1 $\beta=0.0$,beta0,63,Rollout correct ratio,wdl_sft/correct_ratio,0.458984375
Cold-start 1.7B Stage1 $\beta=0.0$,beta0,63,Gradient norm,actor/grad_norm,8.203560829162598
Cold-start 1.7B Stage1 $\beta=0.0$,beta0,64,Rollout correct ratio,wdl_sft/correct_ratio,0.380859375
Cold-start 1.7B Stage1 $\beta=0.0$,beta0,64,Gradient norm,actor/grad_norm,9.349596977233887
Cold-start 1.7B Stage1 $\beta=0.0$,beta0,65,HumanEval+,val-core/HumanEval+/acc/pass@1,0.4817073170731707
Cold-start 1.7B Stage1 $\beta=0.0$,beta0,65,MBPP+,val-core/MBPP+/acc/pass@1,0.5211640211640212
Cold-start 1.7B Stage1 $\beta=0.0$,beta0,65,LiveCodeBench,val-core/LiveCodeBench/acc/pass@1,0.1484375
Cold-start 1.7B Stage1 $\beta=0.0$,beta0,65,Rollout correct ratio,wdl_sft/correct_ratio,0.4453125
Cold-start 1.7B Stage1 $\beta=0.0$,beta0,65,HumanEval+ extraction fail,val-aux/HumanEval+/code_reward_extraction_fail/mean@1,0.0
Cold-start 1.7B Stage1 $\beta=0.0$,beta0,65,Gradient norm,actor/grad_norm,7.691793441772461
Cold-start 1.7B Stage1 $\beta=0.0$,beta0,66,Rollout correct ratio,wdl_sft/correct_ratio,0.517578125
Cold-start 1.7B Stage1 $\beta=0.0$,beta0,66,Gradient norm,actor/grad_norm,6.080209255218506
Cold-start 1.7B Stage1 $\beta=0.0$,beta0,67,Rollout correct ratio,wdl_sft/correct_ratio,0.5234375
Cold-start 1.7B Stage1 $\beta=0.0$,beta0,67,Gradient norm,actor/grad_norm,7.836827278137207
Cold-start 1.7B Stage1 $\beta=0.0$,beta0,68,Rollout correct ratio,wdl_sft/correct_ratio,0.41015625
Cold-start 1.7B Stage1 $\beta=0.0$,beta0,68,Gradient norm,actor/grad_norm,10.121855735778809
Cold-start 1.7B Stage1 $\beta=0.0$,beta0,69,Rollout correct ratio,wdl_sft/correct_ratio,0.4609375
Cold-start 1.7B Stage1 $\beta=0.0$,beta0,69,Gradient norm,actor/grad_norm,7.675869941711426
Cold-start 1.7B Stage1 $\beta=0.0$,beta0,70,HumanEval+,val-core/HumanEval+/acc/pass@1,0.5060975609756098
Cold-start 1.7B Stage1 $\beta=0.0$,beta0,70,MBPP+,val-core/MBPP+/acc/pass@1,0.5079365079365079
Cold-start 1.7B Stage1 $\beta=0.0$,beta0,70,LiveCodeBench,val-core/LiveCodeBench/acc/pass@1,0.1640625
Cold-start 1.7B Stage1 $\beta=0.0$,beta0,70,Rollout correct ratio,wdl_sft/correct_ratio,0.43359375
Cold-start 1.7B Stage1 $\beta=0.0$,beta0,70,HumanEval+ extraction fail,val-aux/HumanEval+/code_reward_extraction_fail/mean@1,0.0
Cold-start 1.7B Stage1 $\beta=0.0$,beta0,70,Gradient norm,actor/grad_norm,8.437723159790039
Cold-start 1.7B Stage1 $\beta=0.0$,beta0,71,Rollout correct ratio,wdl_sft/correct_ratio,0.39453125
Cold-start 1.7B Stage1 $\beta=0.0$,beta0,71,Gradient norm,actor/grad_norm,9.014296531677246
Cold-start 1.7B Stage1 $\beta=0.0$,beta0,72,Rollout correct ratio,wdl_sft/correct_ratio,0.41015625
Cold-start 1.7B Stage1 $\beta=0.0$,beta0,72,Gradient norm,actor/grad_norm,7.8355817794799805
Cold-start 1.7B Stage1 $\beta=0.0$,beta0,73,Rollout correct ratio,wdl_sft/correct_ratio,0.4765625
Cold-start 1.7B Stage1 $\beta=0.0$,beta0,73,Gradient norm,actor/grad_norm,8.284707069396973
Cold-start 1.7B Stage1 $\beta=0.0$,beta0,74,Rollout correct ratio,wdl_sft/correct_ratio,0.375
Cold-start 1.7B Stage1 $\beta=0.0$,beta0,74,Gradient norm,actor/grad_norm,9.168868064880371
Cold-start 1.7B Stage1 $\beta=0.0$,beta0,75,HumanEval+,val-core/HumanEval+/acc/pass@1,0.5060975609756098
Cold-start 1.7B Stage1 $\beta=0.0$,beta0,75,MBPP+,val-core/MBPP+/acc/pass@1,0.5185185185185185
Cold-start 1.7B Stage1 $\beta=0.0$,beta0,75,LiveCodeBench,val-core/LiveCodeBench/acc/pass@1,0.171875
Cold-start 1.7B Stage1 $\beta=0.0$,beta0,75,Rollout correct ratio,wdl_sft/correct_ratio,0.50390625
Cold-start 1.7B Stage1 $\beta=0.0$,beta0,75,HumanEval+ extraction fail,val-aux/HumanEval+/code_reward_extraction_fail/mean@1,0.006097560975609756
Cold-start 1.7B Stage1 $\beta=0.0$,beta0,75,Gradient norm,actor/grad_norm,6.915094375610352
Cold-start 1.7B Stage1 $\beta=0.0$,beta0,76,Rollout correct ratio,wdl_sft/correct_ratio,0.548828125
Cold-start 1.7B Stage1 $\beta=0.0$,beta0,76,Gradient norm,actor/grad_norm,7.450881004333496
Cold-start 1.7B Stage1 $\beta=0.0$,beta0,77,Rollout correct ratio,wdl_sft/correct_ratio,0.517578125
Cold-start 1.7B Stage1 $\beta=0.0$,beta0,77,Gradient norm,actor/grad_norm,7.214416027069092
Cold-start 1.7B Stage1 $\beta=0.0$,beta0,78,Rollout correct ratio,wdl_sft/correct_ratio,0.439453125
Cold-start 1.7B Stage1 $\beta=0.0$,beta0,78,Gradient norm,actor/grad_norm,8.265876770019531
Cold-start 1.7B Stage1 $\beta=0.0$,beta0,79,Rollout correct ratio,wdl_sft/correct_ratio,0.50390625
Cold-start 1.7B Stage1 $\beta=0.0$,beta0,79,Gradient norm,actor/grad_norm,7.307372093200684
Cold-start 1.7B Stage1 $\beta=0.0$,beta0,80,HumanEval+,val-core/HumanEval+/acc/pass@1,0.5121951219512195
Cold-start 1.7B Stage1 $\beta=0.0$,beta0,80,MBPP+,val-core/MBPP+/acc/pass@1,0.5132275132275133
Cold-start 1.7B Stage1 $\beta=0.0$,beta0,80,LiveCodeBench,val-core/LiveCodeBench/acc/pass@1,0.171875
Cold-start 1.7B Stage1 $\beta=0.0$,beta0,80,Rollout correct ratio,wdl_sft/correct_ratio,0.548828125
Cold-start 1.7B Stage1 $\beta=0.0$,beta0,80,HumanEval+ extraction fail,val-aux/HumanEval+/code_reward_extraction_fail/mean@1,0.006097560975609756
Cold-start 1.7B Stage1 $\beta=0.0$,beta0,80,Gradient norm,actor/grad_norm,7.0837578773498535
Cold-start 1.7B Stage1 $\beta=0.0$,beta0,81,Rollout correct ratio,wdl_sft/correct_ratio,0.4140625
Cold-start 1.7B Stage1 $\beta=0.0$,beta0,81,Gradient norm,actor/grad_norm,8.289493560791016
Cold-start 1.7B Stage1 $\beta=0.0$,beta0,82,Rollout correct ratio,wdl_sft/correct_ratio,0.41796875
Cold-start 1.7B Stage1 $\beta=0.0$,beta0,82,Gradient norm,actor/grad_norm,9.295926094055176
Cold-start 1.7B Stage1 $\beta=0.0$,beta0,83,Rollout correct ratio,wdl_sft/correct_ratio,0.4296875
Cold-start 1.7B Stage1 $\beta=0.0$,beta0,83,Gradient norm,actor/grad_norm,8.20058536529541
Cold-start 1.7B Stage1 $\beta=0.0$,beta0,84,Rollout correct ratio,wdl_sft/correct_ratio,0.513671875
Cold-start 1.7B Stage1 $\beta=0.0$,beta0,84,Gradient norm,actor/grad_norm,8.532231330871582
Cold-start 1.7B Stage1 $\beta=0.0$,beta0,85,HumanEval+,val-core/HumanEval+/acc/pass@1,0.5060975609756098
Cold-start 1.7B Stage1 $\beta=0.0$,beta0,85,MBPP+,val-core/MBPP+/acc/pass@1,0.5185185185185185
Cold-start 1.7B Stage1 $\beta=0.0$,beta0,85,LiveCodeBench,val-core/LiveCodeBench/acc/pass@1,0.140625
Cold-start 1.7B Stage1 $\beta=0.0$,beta0,85,Rollout correct ratio,wdl_sft/correct_ratio,0.525390625
Cold-start 1.7B Stage1 $\beta=0.0$,beta0,85,HumanEval+ extraction fail,val-aux/HumanEval+/code_reward_extraction_fail/mean@1,0.006097560975609756
Cold-start 1.7B Stage1 $\beta=0.0$,beta0,85,Gradient norm,actor/grad_norm,8.067816734313965
Cold-start 1.7B Stage1 $\beta=0.0$,beta0,86,Rollout correct ratio,wdl_sft/correct_ratio,0.345703125
Cold-start 1.7B Stage1 $\beta=0.0$,beta0,86,Gradient norm,actor/grad_norm,8.609606742858887
Cold-start 1.7B Stage1 $\beta=0.0$,beta0,87,Rollout correct ratio,wdl_sft/correct_ratio,0.44140625
Cold-start 1.7B Stage1 $\beta=0.0$,beta0,87,Gradient norm,actor/grad_norm,7.280032157897949
Cold-start 1.7B Stage1 $\beta=0.0$,beta0,88,Rollout correct ratio,wdl_sft/correct_ratio,0.365234375
Cold-start 1.7B Stage1 $\beta=0.0$,beta0,88,Gradient norm,actor/grad_norm,10.060148239135742
Cold-start 1.7B Stage1 $\beta=0.0$,beta0,89,Rollout correct ratio,wdl_sft/correct_ratio,0.60546875
Cold-start 1.7B Stage1 $\beta=0.0$,beta0,89,Gradient norm,actor/grad_norm,6.655431747436523
Cold-start 1.7B Stage1 $\beta=0.0$,beta0,90,HumanEval+,val-core/HumanEval+/acc/pass@1,0.4634146341463415
Cold-start 1.7B Stage1 $\beta=0.0$,beta0,90,MBPP+,val-core/MBPP+/acc/pass@1,0.5026455026455027
Cold-start 1.7B Stage1 $\beta=0.0$,beta0,90,LiveCodeBench,val-core/LiveCodeBench/acc/pass@1,0.171875
Cold-start 1.7B Stage1 $\beta=0.0$,beta0,90,Rollout correct ratio,wdl_sft/correct_ratio,0.41796875
Cold-start 1.7B Stage1 $\beta=0.0$,beta0,90,HumanEval+ extraction fail,val-aux/HumanEval+/code_reward_extraction_fail/mean@1,0.006097560975609756
Cold-start 1.7B Stage1 $\beta=0.0$,beta0,90,Gradient norm,actor/grad_norm,9.504462242126465
Cold-start 1.7B Stage1 $\beta=0.0$,beta0,91,Rollout correct ratio,wdl_sft/correct_ratio,0.537109375
Cold-start 1.7B Stage1 $\beta=0.0$,beta0,91,Gradient norm,actor/grad_norm,6.397139072418213
Cold-start 1.7B Stage1 $\beta=0.0$,beta0,92,Rollout correct ratio,wdl_sft/correct_ratio,0.462890625
Cold-start 1.7B Stage1 $\beta=0.0$,beta0,92,Gradient norm,actor/grad_norm,8.182600975036621
Cold-start 1.7B Stage1 $\beta=0.0$,beta0,93,Rollout correct ratio,wdl_sft/correct_ratio,0.44921875
Cold-start 1.7B Stage1 $\beta=0.0$,beta0,93,Gradient norm,actor/grad_norm,8.816298484802246
Cold-start 1.7B Stage1 $\beta=0.0$,beta0,94,Rollout correct ratio,wdl_sft/correct_ratio,0.466796875
Cold-start 1.7B Stage1 $\beta=0.0$,beta0,94,Gradient norm,actor/grad_norm,7.9918131828308105
Cold-start 1.7B Stage1 $\beta=0.0$,beta0,95,HumanEval+,val-core/HumanEval+/acc/pass@1,0.4878048780487805
Cold-start 1.7B Stage1 $\beta=0.0$,beta0,95,MBPP+,val-core/MBPP+/acc/pass@1,0.5158730158730159
Cold-start 1.7B Stage1 $\beta=0.0$,beta0,95,LiveCodeBench,val-core/LiveCodeBench/acc/pass@1,0.140625
Cold-start 1.7B Stage1 $\beta=0.0$,beta0,95,Rollout correct ratio,wdl_sft/correct_ratio,0.51953125
Cold-start 1.7B Stage1 $\beta=0.0$,beta0,95,HumanEval+ extraction fail,val-aux/HumanEval+/code_reward_extraction_fail/mean@1,0.0
Cold-start 1.7B Stage1 $\beta=0.0$,beta0,95,Gradient norm,actor/grad_norm,7.2273945808410645
Cold-start 1.7B Stage1 $\beta=0.0$,beta0,96,Rollout correct ratio,wdl_sft/correct_ratio,0.359375
Cold-start 1.7B Stage1 $\beta=0.0$,beta0,96,Gradient norm,actor/grad_norm,8.991122245788574
Cold-start 1.7B Stage1 $\beta=0.0$,beta0,97,Rollout correct ratio,wdl_sft/correct_ratio,0.427734375
Cold-start 1.7B Stage1 $\beta=0.0$,beta0,97,Gradient norm,actor/grad_norm,7.4519853591918945
Cold-start 1.7B Stage1 $\beta=0.0$,beta0,98,Rollout correct ratio,wdl_sft/correct_ratio,0.3828125
Cold-start 1.7B Stage1 $\beta=0.0$,beta0,98,Gradient norm,actor/grad_norm,10.400198936462402
Cold-start 1.7B Stage1 $\beta=0.0$,beta0,99,Rollout correct ratio,wdl_sft/correct_ratio,0.44140625
Cold-start 1.7B Stage1 $\beta=0.0$,beta0,99,Gradient norm,actor/grad_norm,7.9036641120910645
Cold-start 1.7B Stage1 $\beta=0.0$,beta0,100,HumanEval+,val-core/HumanEval+/acc/pass@1,0.5182926829268293
Cold-start 1.7B Stage1 $\beta=0.0$,beta0,100,MBPP+,val-core/MBPP+/acc/pass@1,0.5158730158730159
Cold-start 1.7B Stage1 $\beta=0.0$,beta0,100,LiveCodeBench,val-core/LiveCodeBench/acc/pass@1,0.1484375
Cold-start 1.7B Stage1 $\beta=0.0$,beta0,100,Rollout correct ratio,wdl_sft/correct_ratio,0.4765625
Cold-start 1.7B Stage1 $\beta=0.0$,beta0,100,HumanEval+ extraction fail,val-aux/HumanEval+/code_reward_extraction_fail/mean@1,0.006097560975609756
Cold-start 1.7B Stage1 $\beta=0.0$,beta0,100,Gradient norm,actor/grad_norm,7.726709365844727
Cold-start 1.7B Stage1 $\beta=0.0$,beta0,101,Rollout correct ratio,wdl_sft/correct_ratio,0.470703125
Cold-start 1.7B Stage1 $\beta=0.0$,beta0,101,Gradient norm,actor/grad_norm,7.836079120635986
Cold-start 1.7B Stage1 $\beta=0.0$,beta0,102,Rollout correct ratio,wdl_sft/correct_ratio,0.455078125
Cold-start 1.7B Stage1 $\beta=0.0$,beta0,102,Gradient norm,actor/grad_norm,6.83029842376709
Cold-start 1.7B Stage1 $\beta=0.0$,beta0,103,Rollout correct ratio,wdl_sft/correct_ratio,0.40625
Cold-start 1.7B Stage1 $\beta=0.0$,beta0,103,Gradient norm,actor/grad_norm,8.893765449523926
Cold-start 1.7B Stage1 $\beta=0.0$,beta0,104,Rollout correct ratio,wdl_sft/correct_ratio,0.431640625
Cold-start 1.7B Stage1 $\beta=0.0$,beta0,104,Gradient norm,actor/grad_norm,7.937641620635986
Cold-start 1.7B Stage1 $\beta=0.0$,beta0,105,HumanEval+,val-core/HumanEval+/acc/pass@1,0.4817073170731707
Cold-start 1.7B Stage1 $\beta=0.0$,beta0,105,MBPP+,val-core/MBPP+/acc/pass@1,0.5105820105820106
Cold-start 1.7B Stage1 $\beta=0.0$,beta0,105,LiveCodeBench,val-core/LiveCodeBench/acc/pass@1,0.1640625
Cold-start 1.7B Stage1 $\beta=0.0$,beta0,105,Rollout correct ratio,wdl_sft/correct_ratio,0.431640625
Cold-start 1.7B Stage1 $\beta=0.0$,beta0,105,HumanEval+ extraction fail,val-aux/HumanEval+/code_reward_extraction_fail/mean@1,0.006097560975609756
Cold-start 1.7B Stage1 $\beta=0.0$,beta0,105,Gradient norm,actor/grad_norm,9.299375534057617
Cold-start 1.7B Stage1 $\beta=0.0$,beta0,106,Rollout correct ratio,wdl_sft/correct_ratio,0.455078125
Cold-start 1.7B Stage1 $\beta=0.0$,beta0,106,Gradient norm,actor/grad_norm,7.629060745239258
Cold-start 1.7B Stage1 $\beta=0.0$,beta0,107,Rollout correct ratio,wdl_sft/correct_ratio,0.431640625
Cold-start 1.7B Stage1 $\beta=0.0$,beta0,107,Gradient norm,actor/grad_norm,7.721428871154785
Cold-start 1.7B Stage1 $\beta=0.0$,beta0,108,Rollout correct ratio,wdl_sft/correct_ratio,0.4453125
Cold-start 1.7B Stage1 $\beta=0.0$,beta0,108,Gradient norm,actor/grad_norm,7.210034370422363
Cold-start 1.7B Stage1 $\beta=0.0$,beta0,109,Rollout correct ratio,wdl_sft/correct_ratio,0.408203125
Cold-start 1.7B Stage1 $\beta=0.0$,beta0,109,Gradient norm,actor/grad_norm,8.932854652404785
Cold-start 1.7B Stage1 $\beta=0.0$,beta0,110,HumanEval+,val-core/HumanEval+/acc/pass@1,0.4695121951219512
Cold-start 1.7B Stage1 $\beta=0.0$,beta0,110,MBPP+,val-core/MBPP+/acc/pass@1,0.5185185185185185
Cold-start 1.7B Stage1 $\beta=0.0$,beta0,110,LiveCodeBench,val-core/LiveCodeBench/acc/pass@1,0.1640625
Cold-start 1.7B Stage1 $\beta=0.0$,beta0,110,Rollout correct ratio,wdl_sft/correct_ratio,0.466796875
Cold-start 1.7B Stage1 $\beta=0.0$,beta0,110,HumanEval+ extraction fail,val-aux/HumanEval+/code_reward_extraction_fail/mean@1,0.0
Cold-start 1.7B Stage1 $\beta=0.0$,beta0,110,Gradient norm,actor/grad_norm,7.761562824249268
Cold-start 1.7B Stage1 $\beta=0.0$,beta0,111,Rollout correct ratio,wdl_sft/correct_ratio,0.4921875
Cold-start 1.7B Stage1 $\beta=0.0$,beta0,111,Gradient norm,actor/grad_norm,7.135280609130859
Cold-start 1.7B Stage1 $\beta=0.0$,beta0,112,Rollout correct ratio,wdl_sft/correct_ratio,0.46484375
Cold-start 1.7B Stage1 $\beta=0.0$,beta0,112,Gradient norm,actor/grad_norm,8.174057960510254
Cold-start 1.7B Stage1 $\beta=0.0$,beta0,113,Rollout correct ratio,wdl_sft/correct_ratio,0.43359375
Cold-start 1.7B Stage1 $\beta=0.0$,beta0,113,Gradient norm,actor/grad_norm,8.561038970947266
Cold-start 1.7B Stage1 $\beta=0.0$,beta0,114,Rollout correct ratio,wdl_sft/correct_ratio,0.48046875
Cold-start 1.7B Stage1 $\beta=0.0$,beta0,114,Gradient norm,actor/grad_norm,7.648531436920166
Cold-start 1.7B Stage1 $\beta=0.0$,beta0,115,HumanEval+,val-core/HumanEval+/acc/pass@1,0.5182926829268293
Cold-start 1.7B Stage1 $\beta=0.0$,beta0,115,MBPP+,val-core/MBPP+/acc/pass@1,0.5079365079365079
Cold-start 1.7B Stage1 $\beta=0.0$,beta0,115,LiveCodeBench,val-core/LiveCodeBench/acc/pass@1,0.1484375
Cold-start 1.7B Stage1 $\beta=0.0$,beta0,115,Rollout correct ratio,wdl_sft/correct_ratio,0.423828125
Cold-start 1.7B Stage1 $\beta=0.0$,beta0,115,HumanEval+ extraction fail,val-aux/HumanEval+/code_reward_extraction_fail/mean@1,0.006097560975609756
Cold-start 1.7B Stage1 $\beta=0.0$,beta0,115,Gradient norm,actor/grad_norm,9.015524864196777
Cold-start 1.7B Stage1 $\beta=0.0$,beta0,116,Rollout correct ratio,wdl_sft/correct_ratio,0.33203125
Cold-start 1.7B Stage1 $\beta=0.0$,beta0,116,Gradient norm,actor/grad_norm,9.892571449279785
Cold-start 1.7B Stage1 $\beta=0.0$,beta0,117,Rollout correct ratio,wdl_sft/correct_ratio,0.439453125
Cold-start 1.7B Stage1 $\beta=0.0$,beta0,117,Gradient norm,actor/grad_norm,7.83143949508667
Cold-start 1.7B Stage1 $\beta=0.0$,beta0,118,Rollout correct ratio,wdl_sft/correct_ratio,0.439453125
Cold-start 1.7B Stage1 $\beta=0.0$,beta0,118,Gradient norm,actor/grad_norm,8.529825210571289
Cold-start 1.7B Stage1 $\beta=0.0$,beta0,119,Rollout correct ratio,wdl_sft/correct_ratio,0.4609375
Cold-start 1.7B Stage1 $\beta=0.0$,beta0,119,Gradient norm,actor/grad_norm,7.660367012023926
Cold-start 1.7B Stage1 $\beta=0.0$,beta0,120,HumanEval+,val-core/HumanEval+/acc/pass@1,0.5182926829268293
Cold-start 1.7B Stage1 $\beta=0.0$,beta0,120,MBPP+,val-core/MBPP+/acc/pass@1,0.5026455026455027
Cold-start 1.7B Stage1 $\beta=0.0$,beta0,120,LiveCodeBench,val-core/LiveCodeBench/acc/pass@1,0.171875
Cold-start 1.7B Stage1 $\beta=0.0$,beta0,120,Rollout correct ratio,wdl_sft/correct_ratio,0.462890625
Cold-start 1.7B Stage1 $\beta=0.0$,beta0,120,HumanEval+ extraction fail,val-aux/HumanEval+/code_reward_extraction_fail/mean@1,0.0
Cold-start 1.7B Stage1 $\beta=0.0$,beta0,120,Gradient norm,actor/grad_norm,8.25560474395752
Cold-start 1.7B Stage1 $\beta=0.0$,beta0,121,Rollout correct ratio,wdl_sft/correct_ratio,0.375
Cold-start 1.7B Stage1 $\beta=0.0$,beta0,121,Gradient norm,actor/grad_norm,10.25242805480957
Cold-start 1.7B Stage1 $\beta=0.0$,beta0,122,Rollout correct ratio,wdl_sft/correct_ratio,0.53125
Cold-start 1.7B Stage1 $\beta=0.0$,beta0,122,Gradient norm,actor/grad_norm,7.644865989685059
Cold-start 1.7B Stage1 $\beta=0.0$,beta0,123,Rollout correct ratio,wdl_sft/correct_ratio,0.466796875
Cold-start 1.7B Stage1 $\beta=0.0$,beta0,123,Gradient norm,actor/grad_norm,7.670097351074219
Cold-start 1.7B Stage1 $\beta=0.0$,beta0,124,Rollout correct ratio,wdl_sft/correct_ratio,0.419921875
Cold-start 1.7B Stage1 $\beta=0.0$,beta0,124,Gradient norm,actor/grad_norm,8.173991203308105
Cold-start 1.7B Stage1 $\beta=0.0$,beta0,125,HumanEval+,val-core/HumanEval+/acc/pass@1,0.4878048780487805
Cold-start 1.7B Stage1 $\beta=0.0$,beta0,125,MBPP+,val-core/MBPP+/acc/pass@1,0.5132275132275133
Cold-start 1.7B Stage1 $\beta=0.0$,beta0,125,LiveCodeBench,val-core/LiveCodeBench/acc/pass@1,0.171875
Cold-start 1.7B Stage1 $\beta=0.0$,beta0,125,Rollout correct ratio,wdl_sft/correct_ratio,0.490234375
Cold-start 1.7B Stage1 $\beta=0.0$,beta0,125,HumanEval+ extraction fail,val-aux/HumanEval+/code_reward_extraction_fail/mean@1,0.006097560975609756
Cold-start 1.7B Stage1 $\beta=0.0$,beta0,125,Gradient norm,actor/grad_norm,7.948739528656006
Cold-start 1.7B Stage1 $\beta=0.0$,beta0,126,Rollout correct ratio,wdl_sft/correct_ratio,0.439453125
Cold-start 1.7B Stage1 $\beta=0.0$,beta0,126,Gradient norm,actor/grad_norm,7.762363433837891
Cold-start 1.7B Stage1 $\beta=0.0$,beta0,127,Rollout correct ratio,wdl_sft/correct_ratio,0.458984375
Cold-start 1.7B Stage1 $\beta=0.0$,beta0,127,Gradient norm,actor/grad_norm,7.52338981628418
Cold-start 1.7B Stage1 $\beta=0.0$,beta0,128,Rollout correct ratio,wdl_sft/correct_ratio,0.435546875
Cold-start 1.7B Stage1 $\beta=0.0$,beta0,128,Gradient norm,actor/grad_norm,8.518309593200684
Cold-start 1.7B Stage1 $\beta=0.0$,beta0,129,Rollout correct ratio,wdl_sft/correct_ratio,0.4765625
Cold-start 1.7B Stage1 $\beta=0.0$,beta0,129,Gradient norm,actor/grad_norm,8.654739379882812
Cold-start 1.7B Stage1 $\beta=0.0$,beta0,130,HumanEval+,val-core/HumanEval+/acc/pass@1,0.5182926829268293
Cold-start 1.7B Stage1 $\beta=0.0$,beta0,130,MBPP+,val-core/MBPP+/acc/pass@1,0.5026455026455027
Cold-start 1.7B Stage1 $\beta=0.0$,beta0,130,LiveCodeBench,val-core/LiveCodeBench/acc/pass@1,0.1640625
Cold-start 1.7B Stage1 $\beta=0.0$,beta0,130,Rollout correct ratio,wdl_sft/correct_ratio,0.53125
Cold-start 1.7B Stage1 $\beta=0.0$,beta0,130,HumanEval+ extraction fail,val-aux/HumanEval+/code_reward_extraction_fail/mean@1,0.006097560975609756
Cold-start 1.7B Stage1 $\beta=0.0$,beta0,130,Gradient norm,actor/grad_norm,7.15672492980957
Cold-start 1.7B Stage1 $\beta=0.0$,beta0,131,Rollout correct ratio,wdl_sft/correct_ratio,0.49609375
Cold-start 1.7B Stage1 $\beta=0.0$,beta0,131,Gradient norm,actor/grad_norm,7.3984551429748535
Cold-start 1.7B Stage1 $\beta=0.0$,beta0,132,Rollout correct ratio,wdl_sft/correct_ratio,0.4765625
Cold-start 1.7B Stage1 $\beta=0.0$,beta0,132,Gradient norm,actor/grad_norm,7.805371284484863
Cold-start 1.7B Stage1 $\beta=0.0$,beta0,133,Rollout correct ratio,wdl_sft/correct_ratio,0.423828125
Cold-start 1.7B Stage1 $\beta=0.0$,beta0,133,Gradient norm,actor/grad_norm,7.890472412109375
Cold-start 1.7B Stage1 $\beta=0.0$,beta0,134,Rollout correct ratio,wdl_sft/correct_ratio,0.486328125
Cold-start 1.7B Stage1 $\beta=0.0$,beta0,134,Gradient norm,actor/grad_norm,7.39414644241333
Cold-start 1.7B Stage1 $\beta=0.0$,beta0,135,HumanEval+,val-core/HumanEval+/acc/pass@1,0.4817073170731707
Cold-start 1.7B Stage1 $\beta=0.0$,beta0,135,MBPP+,val-core/MBPP+/acc/pass@1,0.5158730158730159
Cold-start 1.7B Stage1 $\beta=0.0$,beta0,135,LiveCodeBench,val-core/LiveCodeBench/acc/pass@1,0.15625
Cold-start 1.7B Stage1 $\beta=0.0$,beta0,135,Rollout correct ratio,wdl_sft/correct_ratio,0.333984375
Cold-start 1.7B Stage1 $\beta=0.0$,beta0,135,HumanEval+ extraction fail,val-aux/HumanEval+/code_reward_extraction_fail/mean@1,0.012195121951219513
Cold-start 1.7B Stage1 $\beta=0.0$,beta0,135,Gradient norm,actor/grad_norm,9.23339557647705
Cold-start 1.7B Stage1 $\beta=0.0$,beta0,136,Rollout correct ratio,wdl_sft/correct_ratio,0.490234375
Cold-start 1.7B Stage1 $\beta=0.0$,beta0,136,Gradient norm,actor/grad_norm,7.517148494720459
Cold-start 1.7B Stage1 $\beta=0.0$,beta0,137,Rollout correct ratio,wdl_sft/correct_ratio,0.408203125
Cold-start 1.7B Stage1 $\beta=0.0$,beta0,137,Gradient norm,actor/grad_norm,8.671955108642578
Cold-start 1.7B Stage1 $\beta=0.0$,beta0,138,Rollout correct ratio,wdl_sft/correct_ratio,0.53125
Cold-start 1.7B Stage1 $\beta=0.0$,beta0,138,Gradient norm,actor/grad_norm,7.143791198730469
Cold-start 1.7B Stage1 $\beta=0.0$,beta0,139,Rollout correct ratio,wdl_sft/correct_ratio,0.494140625
Cold-start 1.7B Stage1 $\beta=0.0$,beta0,139,Gradient norm,actor/grad_norm,7.767313003540039
Cold-start 1.7B Stage1 $\beta=0.0$,beta0,140,HumanEval+,val-core/HumanEval+/acc/pass@1,0.49390243902439024
Cold-start 1.7B Stage1 $\beta=0.0$,beta0,140,MBPP+,val-core/MBPP+/acc/pass@1,0.5
Cold-start 1.7B Stage1 $\beta=0.0$,beta0,140,LiveCodeBench,val-core/LiveCodeBench/acc/pass@1,0.1640625
Cold-start 1.7B Stage1 $\beta=0.0$,beta0,140,Rollout correct ratio,wdl_sft/correct_ratio,0.47265625
Cold-start 1.7B Stage1 $\beta=0.0$,beta0,140,HumanEval+ extraction fail,val-aux/HumanEval+/code_reward_extraction_fail/mean@1,0.0
Cold-start 1.7B Stage1 $\beta=0.0$,beta0,140,Gradient norm,actor/grad_norm,7.972529411315918
Cold-start 1.7B Stage1 $\beta=0.0$,beta0,141,Rollout correct ratio,wdl_sft/correct_ratio,0.548828125
Cold-start 1.7B Stage1 $\beta=0.0$,beta0,141,Gradient norm,actor/grad_norm,6.791011333465576
Cold-start 1.7B Stage1 $\beta=0.0$,beta0,142,Rollout correct ratio,wdl_sft/correct_ratio,0.462890625
Cold-start 1.7B Stage1 $\beta=0.0$,beta0,142,Gradient norm,actor/grad_norm,8.380982398986816
Cold-start 1.7B Stage1 $\beta=0.0$,beta0,143,Rollout correct ratio,wdl_sft/correct_ratio,0.478515625
Cold-start 1.7B Stage1 $\beta=0.0$,beta0,143,Gradient norm,actor/grad_norm,8.380202293395996
Cold-start 1.7B Stage1 $\beta=0.0$,beta0,144,Rollout correct ratio,wdl_sft/correct_ratio,0.474609375
Cold-start 1.7B Stage1 $\beta=0.0$,beta0,144,Gradient norm,actor/grad_norm,7.44184684753418
Cold-start 1.7B Stage1 $\beta=0.0$,beta0,145,HumanEval+,val-core/HumanEval+/acc/pass@1,0.47560975609756095
Cold-start 1.7B Stage1 $\beta=0.0$,beta0,145,MBPP+,val-core/MBPP+/acc/pass@1,0.5158730158730159
Cold-start 1.7B Stage1 $\beta=0.0$,beta0,145,LiveCodeBench,val-core/LiveCodeBench/acc/pass@1,0.1875
Cold-start 1.7B Stage1 $\beta=0.0$,beta0,145,Rollout correct ratio,wdl_sft/correct_ratio,0.419921875
Cold-start 1.7B Stage1 $\beta=0.0$,beta0,145,HumanEval+ extraction fail,val-aux/HumanEval+/code_reward_extraction_fail/mean@1,0.012195121951219513
Cold-start 1.7B Stage1 $\beta=0.0$,beta0,145,Gradient norm,actor/grad_norm,9.617831230163574
Cold-start 1.7B Stage1 $\beta=0.0$,beta0,146,Rollout correct ratio,wdl_sft/correct_ratio,0.42578125
Cold-start 1.7B Stage1 $\beta=0.0$,beta0,146,Gradient norm,actor/grad_norm,9.291544914245605
Cold-start 1.7B Stage1 $\beta=0.0$,beta0,147,Rollout correct ratio,wdl_sft/correct_ratio,0.513671875
Cold-start 1.7B Stage1 $\beta=0.0$,beta0,147,Gradient norm,actor/grad_norm,8.693188667297363
Cold-start 1.7B Stage1 $\beta=0.0$,beta0,148,Rollout correct ratio,wdl_sft/correct_ratio,0.49609375
Cold-start 1.7B Stage1 $\beta=0.0$,beta0,148,Gradient norm,actor/grad_norm,8.476991653442383
Cold-start 1.7B Stage1 $\beta=0.0$,beta0,149,Rollout correct ratio,wdl_sft/correct_ratio,0.392578125
Cold-start 1.7B Stage1 $\beta=0.0$,beta0,149,Gradient norm,actor/grad_norm,8.10954761505127
Cold-start 1.7B Stage1 $\beta=0.0$,beta0,150,HumanEval+,val-core/HumanEval+/acc/pass@1,0.5
Cold-start 1.7B Stage1 $\beta=0.0$,beta0,150,MBPP+,val-core/MBPP+/acc/pass@1,0.5158730158730159
Cold-start 1.7B Stage1 $\beta=0.0$,beta0,150,LiveCodeBench,val-core/LiveCodeBench/acc/pass@1,0.1484375
Cold-start 1.7B Stage1 $\beta=0.0$,beta0,150,Rollout correct ratio,wdl_sft/correct_ratio,0.380859375
Cold-start 1.7B Stage1 $\beta=0.0$,beta0,150,HumanEval+ extraction fail,val-aux/HumanEval+/code_reward_extraction_fail/mean@1,0.0
Cold-start 1.7B Stage1 $\beta=0.0$,beta0,150,Gradient norm,actor/grad_norm,9.42751693725586
Cold-start 1.7B Stage1 $\beta=0.1$,beta01,0,HumanEval+,val-core/HumanEval+/acc/pass@1,0.4634146341463415
Cold-start 1.7B Stage1 $\beta=0.1$,beta01,0,MBPP+,val-core/MBPP+/acc/pass@1,0.5132275132275133
Cold-start 1.7B Stage1 $\beta=0.1$,beta01,0,LiveCodeBench,val-core/LiveCodeBench/acc/pass@1,0.1328125
Cold-start 1.7B Stage1 $\beta=0.1$,beta01,0,HumanEval+ extraction fail,val-aux/HumanEval+/code_reward_extraction_fail/mean@1,0.024390243902439025
Cold-start 1.7B Stage1 $\beta=0.1$,beta01,1,Rollout correct ratio,wdl_sft/correct_ratio,0.44140625
Cold-start 1.7B Stage1 $\beta=0.1$,beta01,1,Gradient norm,actor/grad_norm,7.614803791046143
Cold-start 1.7B Stage1 $\beta=0.1$,beta01,2,Rollout correct ratio,wdl_sft/correct_ratio,0.443359375
Cold-start 1.7B Stage1 $\beta=0.1$,beta01,2,Gradient norm,actor/grad_norm,8.68860149383545
Cold-start 1.7B Stage1 $\beta=0.1$,beta01,3,Rollout correct ratio,wdl_sft/correct_ratio,0.462890625
Cold-start 1.7B Stage1 $\beta=0.1$,beta01,3,Gradient norm,actor/grad_norm,7.343716144561768
Cold-start 1.7B Stage1 $\beta=0.1$,beta01,4,Rollout correct ratio,wdl_sft/correct_ratio,0.4296875
Cold-start 1.7B Stage1 $\beta=0.1$,beta01,4,Gradient norm,actor/grad_norm,8.692164421081543
Cold-start 1.7B Stage1 $\beta=0.1$,beta01,5,HumanEval+,val-core/HumanEval+/acc/pass@1,0.5
Cold-start 1.7B Stage1 $\beta=0.1$,beta01,5,MBPP+,val-core/MBPP+/acc/pass@1,0.5052910052910053
Cold-start 1.7B Stage1 $\beta=0.1$,beta01,5,LiveCodeBench,val-core/LiveCodeBench/acc/pass@1,0.140625
Cold-start 1.7B Stage1 $\beta=0.1$,beta01,5,Rollout correct ratio,wdl_sft/correct_ratio,0.447265625
Cold-start 1.7B Stage1 $\beta=0.1$,beta01,5,HumanEval+ extraction fail,val-aux/HumanEval+/code_reward_extraction_fail/mean@1,0.006097560975609756
Cold-start 1.7B Stage1 $\beta=0.1$,beta01,5,Gradient norm,actor/grad_norm,7.989854335784912
Cold-start 1.7B Stage1 $\beta=0.1$,beta01,6,Rollout correct ratio,wdl_sft/correct_ratio,0.404296875
Cold-start 1.7B Stage1 $\beta=0.1$,beta01,6,Gradient norm,actor/grad_norm,8.787559509277344
Cold-start 1.7B Stage1 $\beta=0.1$,beta01,7,Rollout correct ratio,wdl_sft/correct_ratio,0.3359375
Cold-start 1.7B Stage1 $\beta=0.1$,beta01,7,Gradient norm,actor/grad_norm,8.864925384521484
Cold-start 1.7B Stage1 $\beta=0.1$,beta01,8,Rollout correct ratio,wdl_sft/correct_ratio,0.423828125
Cold-start 1.7B Stage1 $\beta=0.1$,beta01,8,Gradient norm,actor/grad_norm,8.474736213684082
Cold-start 1.7B Stage1 $\beta=0.1$,beta01,9,Rollout correct ratio,wdl_sft/correct_ratio,0.400390625
Cold-start 1.7B Stage1 $\beta=0.1$,beta01,9,Gradient norm,actor/grad_norm,8.612394332885742
Cold-start 1.7B Stage1 $\beta=0.1$,beta01,10,HumanEval+,val-core/HumanEval+/acc/pass@1,0.4451219512195122
Cold-start 1.7B Stage1 $\beta=0.1$,beta01,10,MBPP+,val-core/MBPP+/acc/pass@1,0.5026455026455027
Cold-start 1.7B Stage1 $\beta=0.1$,beta01,10,LiveCodeBench,val-core/LiveCodeBench/acc/pass@1,0.140625
Cold-start 1.7B Stage1 $\beta=0.1$,beta01,10,Rollout correct ratio,wdl_sft/correct_ratio,0.521484375
Cold-start 1.7B Stage1 $\beta=0.1$,beta01,10,HumanEval+ extraction fail,val-aux/HumanEval+/code_reward_extraction_fail/mean@1,0.012195121951219513
Cold-start 1.7B Stage1 $\beta=0.1$,beta01,10,Gradient norm,actor/grad_norm,7.566583633422852
Cold-start 1.7B Stage1 $\beta=0.1$,beta01,11,Rollout correct ratio,wdl_sft/correct_ratio,0.392578125
Cold-start 1.7B Stage1 $\beta=0.1$,beta01,11,Gradient norm,actor/grad_norm,10.668280601501465
Cold-start 1.7B Stage1 $\beta=0.1$,beta01,12,Rollout correct ratio,wdl_sft/correct_ratio,0.37109375
Cold-start 1.7B Stage1 $\beta=0.1$,beta01,12,Gradient norm,actor/grad_norm,8.899443626403809
Cold-start 1.7B Stage1 $\beta=0.1$,beta01,13,Rollout correct ratio,wdl_sft/correct_ratio,0.34765625
Cold-start 1.7B Stage1 $\beta=0.1$,beta01,13,Gradient norm,actor/grad_norm,10.106863021850586
Cold-start 1.7B Stage1 $\beta=0.1$,beta01,14,Rollout correct ratio,wdl_sft/correct_ratio,0.474609375
Cold-start 1.7B Stage1 $\beta=0.1$,beta01,14,Gradient norm,actor/grad_norm,8.450338363647461
Cold-start 1.7B Stage1 $\beta=0.1$,beta01,15,HumanEval+,val-core/HumanEval+/acc/pass@1,0.5060975609756098
Cold-start 1.7B Stage1 $\beta=0.1$,beta01,15,MBPP+,val-core/MBPP+/acc/pass@1,0.5052910052910053
Cold-start 1.7B Stage1 $\beta=0.1$,beta01,15,LiveCodeBench,val-core/LiveCodeBench/acc/pass@1,0.171875
Cold-start 1.7B Stage1 $\beta=0.1$,beta01,15,Rollout correct ratio,wdl_sft/correct_ratio,0.443359375
Cold-start 1.7B Stage1 $\beta=0.1$,beta01,15,HumanEval+ extraction fail,val-aux/HumanEval+/code_reward_extraction_fail/mean@1,0.006097560975609756
Cold-start 1.7B Stage1 $\beta=0.1$,beta01,15,Gradient norm,actor/grad_norm,7.703128337860107
Cold-start 1.7B Stage1 $\beta=0.1$,beta01,16,Rollout correct ratio,wdl_sft/correct_ratio,0.40625
Cold-start 1.7B Stage1 $\beta=0.1$,beta01,16,Gradient norm,actor/grad_norm,8.171092987060547
Cold-start 1.7B Stage1 $\beta=0.1$,beta01,17,Rollout correct ratio,wdl_sft/correct_ratio,0.447265625
Cold-start 1.7B Stage1 $\beta=0.1$,beta01,17,Gradient norm,actor/grad_norm,8.288741111755371
Cold-start 1.7B Stage1 $\beta=0.1$,beta01,18,Rollout correct ratio,wdl_sft/correct_ratio,0.396484375
Cold-start 1.7B Stage1 $\beta=0.1$,beta01,18,Gradient norm,actor/grad_norm,8.85193157196045
Cold-start 1.7B Stage1 $\beta=0.1$,beta01,19,Rollout correct ratio,wdl_sft/correct_ratio,0.435546875
Cold-start 1.7B Stage1 $\beta=0.1$,beta01,19,Gradient norm,actor/grad_norm,9.066262245178223
Cold-start 1.7B Stage1 $\beta=0.1$,beta01,20,HumanEval+,val-core/HumanEval+/acc/pass@1,0.49390243902439024
Cold-start 1.7B Stage1 $\beta=0.1$,beta01,20,MBPP+,val-core/MBPP+/acc/pass@1,0.5079365079365079
Cold-start 1.7B Stage1 $\beta=0.1$,beta01,20,LiveCodeBench,val-core/LiveCodeBench/acc/pass@1,0.171875
Cold-start 1.7B Stage1 $\beta=0.1$,beta01,20,Rollout correct ratio,wdl_sft/correct_ratio,0.421875
Cold-start 1.7B Stage1 $\beta=0.1$,beta01,20,HumanEval+ extraction fail,val-aux/HumanEval+/code_reward_extraction_fail/mean@1,0.012195121951219513
Cold-start 1.7B Stage1 $\beta=0.1$,beta01,20,Gradient norm,actor/grad_norm,7.273968696594238
Cold-start 1.7B Stage1 $\beta=0.1$,beta01,21,Rollout correct ratio,wdl_sft/correct_ratio,0.3671875
Cold-start 1.7B Stage1 $\beta=0.1$,beta01,21,Gradient norm,actor/grad_norm,11.313986778259277
Cold-start 1.7B Stage1 $\beta=0.1$,beta01,22,Rollout correct ratio,wdl_sft/correct_ratio,0.40234375
Cold-start 1.7B Stage1 $\beta=0.1$,beta01,22,Gradient norm,actor/grad_norm,8.41425609588623
Cold-start 1.7B Stage1 $\beta=0.1$,beta01,23,Rollout correct ratio,wdl_sft/correct_ratio,0.404296875
Cold-start 1.7B Stage1 $\beta=0.1$,beta01,23,Gradient norm,actor/grad_norm,8.863039016723633
Cold-start 1.7B Stage1 $\beta=0.1$,beta01,24,Rollout correct ratio,wdl_sft/correct_ratio,0.3984375
Cold-start 1.7B Stage1 $\beta=0.1$,beta01,24,Gradient norm,actor/grad_norm,8.164748191833496
Cold-start 1.7B Stage1 $\beta=0.1$,beta01,25,HumanEval+,val-core/HumanEval+/acc/pass@1,0.49390243902439024
Cold-start 1.7B Stage1 $\beta=0.1$,beta01,25,MBPP+,val-core/MBPP+/acc/pass@1,0.5132275132275133
Cold-start 1.7B Stage1 $\beta=0.1$,beta01,25,LiveCodeBench,val-core/LiveCodeBench/acc/pass@1,0.1328125
Cold-start 1.7B Stage1 $\beta=0.1$,beta01,25,Rollout correct ratio,wdl_sft/correct_ratio,0.36328125
Cold-start 1.7B Stage1 $\beta=0.1$,beta01,25,HumanEval+ extraction fail,val-aux/HumanEval+/code_reward_extraction_fail/mean@1,0.006097560975609756
Cold-start 1.7B Stage1 $\beta=0.1$,beta01,25,Gradient norm,actor/grad_norm,9.01928424835205
Cold-start 1.7B Stage1 $\beta=0.1$,beta01,26,Rollout correct ratio,wdl_sft/correct_ratio,0.44140625
Cold-start 1.7B Stage1 $\beta=0.1$,beta01,26,Gradient norm,actor/grad_norm,9.343976020812988
Cold-start 1.7B Stage1 $\beta=0.1$,beta01,27,Rollout correct ratio,wdl_sft/correct_ratio,0.451171875
Cold-start 1.7B Stage1 $\beta=0.1$,beta01,27,Gradient norm,actor/grad_norm,7.990726947784424
Cold-start 1.7B Stage1 $\beta=0.1$,beta01,28,Rollout correct ratio,wdl_sft/correct_ratio,0.3515625
Cold-start 1.7B Stage1 $\beta=0.1$,beta01,28,Gradient norm,actor/grad_norm,9.554194450378418
Cold-start 1.7B Stage1 $\beta=0.1$,beta01,29,Rollout correct ratio,wdl_sft/correct_ratio,0.39453125
Cold-start 1.7B Stage1 $\beta=0.1$,beta01,29,Gradient norm,actor/grad_norm,9.001014709472656
Cold-start 1.7B Stage1 $\beta=0.1$,beta01,30,HumanEval+,val-core/HumanEval+/acc/pass@1,0.5121951219512195
Cold-start 1.7B Stage1 $\beta=0.1$,beta01,30,MBPP+,val-core/MBPP+/acc/pass@1,0.4973544973544973
Cold-start 1.7B Stage1 $\beta=0.1$,beta01,30,LiveCodeBench,val-core/LiveCodeBench/acc/pass@1,0.1640625
Cold-start 1.7B Stage1 $\beta=0.1$,beta01,30,Rollout correct ratio,wdl_sft/correct_ratio,0.37109375
Cold-start 1.7B Stage1 $\beta=0.1$,beta01,30,HumanEval+ extraction fail,val-aux/HumanEval+/code_reward_extraction_fail/mean@1,0.0
Cold-start 1.7B Stage1 $\beta=0.1$,beta01,30,Gradient norm,actor/grad_norm,9.79287052154541
Cold-start 1.7B Stage1 $\beta=0.1$,beta01,31,Rollout correct ratio,wdl_sft/correct_ratio,0.44140625
Cold-start 1.7B Stage1 $\beta=0.1$,beta01,31,Gradient norm,actor/grad_norm,7.138876914978027
Cold-start 1.7B Stage1 $\beta=0.1$,beta01,32,Rollout correct ratio,wdl_sft/correct_ratio,0.42578125
Cold-start 1.7B Stage1 $\beta=0.1$,beta01,32,Gradient norm,actor/grad_norm,8.680253028869629
Cold-start 1.7B Stage1 $\beta=0.1$,beta01,33,Rollout correct ratio,wdl_sft/correct_ratio,0.458984375
Cold-start 1.7B Stage1 $\beta=0.1$,beta01,33,Gradient norm,actor/grad_norm,8.131369590759277
Cold-start 1.7B Stage1 $\beta=0.1$,beta01,34,Rollout correct ratio,wdl_sft/correct_ratio,0.404296875
Cold-start 1.7B Stage1 $\beta=0.1$,beta01,34,Gradient norm,actor/grad_norm,8.825767517089844
Cold-start 1.7B Stage1 $\beta=0.1$,beta01,35,HumanEval+,val-core/HumanEval+/acc/pass@1,0.47560975609756095
Cold-start 1.7B Stage1 $\beta=0.1$,beta01,35,MBPP+,val-core/MBPP+/acc/pass@1,0.5264550264550265
Cold-start 1.7B Stage1 $\beta=0.1$,beta01,35,LiveCodeBench,val-core/LiveCodeBench/acc/pass@1,0.1484375
Cold-start 1.7B Stage1 $\beta=0.1$,beta01,35,Rollout correct ratio,wdl_sft/correct_ratio,0.41796875
Cold-start 1.7B Stage1 $\beta=0.1$,beta01,35,HumanEval+ extraction fail,val-aux/HumanEval+/code_reward_extraction_fail/mean@1,0.006097560975609756
Cold-start 1.7B Stage1 $\beta=0.1$,beta01,35,Gradient norm,actor/grad_norm,8.151928901672363
Cold-start 1.7B Stage1 $\beta=0.1$,beta01,36,Rollout correct ratio,wdl_sft/correct_ratio,0.40625
Cold-start 1.7B Stage1 $\beta=0.1$,beta01,36,Gradient norm,actor/grad_norm,9.303194999694824
Cold-start 1.7B Stage1 $\beta=0.1$,beta01,37,Rollout correct ratio,wdl_sft/correct_ratio,0.517578125
Cold-start 1.7B Stage1 $\beta=0.1$,beta01,37,Gradient norm,actor/grad_norm,7.2761969566345215
Cold-start 1.7B Stage1 $\beta=0.1$,beta01,38,Rollout correct ratio,wdl_sft/correct_ratio,0.35546875
Cold-start 1.7B Stage1 $\beta=0.1$,beta01,38,Gradient norm,actor/grad_norm,9.580682754516602
Cold-start 1.7B Stage1 $\beta=0.1$,beta01,39,Rollout correct ratio,wdl_sft/correct_ratio,0.458984375
Cold-start 1.7B Stage1 $\beta=0.1$,beta01,39,Gradient norm,actor/grad_norm,8.208903312683105
Cold-start 1.7B Stage1 $\beta=0.1$,beta01,40,HumanEval+,val-core/HumanEval+/acc/pass@1,0.5060975609756098
Cold-start 1.7B Stage1 $\beta=0.1$,beta01,40,MBPP+,val-core/MBPP+/acc/pass@1,0.5211640211640212
Cold-start 1.7B Stage1 $\beta=0.1$,beta01,40,LiveCodeBench,val-core/LiveCodeBench/acc/pass@1,0.1484375
Cold-start 1.7B Stage1 $\beta=0.1$,beta01,40,Rollout correct ratio,wdl_sft/correct_ratio,0.376953125
Cold-start 1.7B Stage1 $\beta=0.1$,beta01,40,HumanEval+ extraction fail,val-aux/HumanEval+/code_reward_extraction_fail/mean@1,0.006097560975609756
Cold-start 1.7B Stage1 $\beta=0.1$,beta01,40,Gradient norm,actor/grad_norm,8.810248374938965
Cold-start 1.7B Stage1 $\beta=0.1$,beta01,41,Rollout correct ratio,wdl_sft/correct_ratio,0.408203125
Cold-start 1.7B Stage1 $\beta=0.1$,beta01,41,Gradient norm,actor/grad_norm,9.971595764160156
Cold-start 1.7B Stage1 $\beta=0.1$,beta01,42,Rollout correct ratio,wdl_sft/correct_ratio,0.419921875
Cold-start 1.7B Stage1 $\beta=0.1$,beta01,42,Gradient norm,actor/grad_norm,8.468266487121582
Cold-start 1.7B Stage1 $\beta=0.1$,beta01,43,Rollout correct ratio,wdl_sft/correct_ratio,0.359375
Cold-start 1.7B Stage1 $\beta=0.1$,beta01,43,Gradient norm,actor/grad_norm,9.61447525024414
Cold-start 1.7B Stage1 $\beta=0.1$,beta01,44,Rollout correct ratio,wdl_sft/correct_ratio,0.43359375
Cold-start 1.7B Stage1 $\beta=0.1$,beta01,44,Gradient norm,actor/grad_norm,8.319643020629883
Cold-start 1.7B Stage1 $\beta=0.1$,beta01,45,HumanEval+,val-core/HumanEval+/acc/pass@1,0.4817073170731707
Cold-start 1.7B Stage1 $\beta=0.1$,beta01,45,MBPP+,val-core/MBPP+/acc/pass@1,0.5132275132275133
Cold-start 1.7B Stage1 $\beta=0.1$,beta01,45,LiveCodeBench,val-core/LiveCodeBench/acc/pass@1,0.1640625
Cold-start 1.7B Stage1 $\beta=0.1$,beta01,45,Rollout correct ratio,wdl_sft/correct_ratio,0.421875
Cold-start 1.7B Stage1 $\beta=0.1$,beta01,45,HumanEval+ extraction fail,val-aux/HumanEval+/code_reward_extraction_fail/mean@1,0.0
Cold-start 1.7B Stage1 $\beta=0.1$,beta01,45,Gradient norm,actor/grad_norm,7.824554920196533
Cold-start 1.7B Stage1 $\beta=0.1$,beta01,46,Rollout correct ratio,wdl_sft/correct_ratio,0.49609375
Cold-start 1.7B Stage1 $\beta=0.1$,beta01,46,Gradient norm,actor/grad_norm,8.074313163757324
Cold-start 1.7B Stage1 $\beta=0.1$,beta01,47,Rollout correct ratio,wdl_sft/correct_ratio,0.521484375
Cold-start 1.7B Stage1 $\beta=0.1$,beta01,47,Gradient norm,actor/grad_norm,7.8336381912231445
Cold-start 1.7B Stage1 $\beta=0.1$,beta01,48,Rollout correct ratio,wdl_sft/correct_ratio,0.453125
Cold-start 1.7B Stage1 $\beta=0.1$,beta01,48,Gradient norm,actor/grad_norm,8.549703598022461
Cold-start 1.7B Stage1 $\beta=0.1$,beta01,49,Rollout correct ratio,wdl_sft/correct_ratio,0.470703125
Cold-start 1.7B Stage1 $\beta=0.1$,beta01,49,Gradient norm,actor/grad_norm,7.676791191101074
Cold-start 1.7B Stage1 $\beta=0.1$,beta01,50,HumanEval+,val-core/HumanEval+/acc/pass@1,0.4878048780487805
Cold-start 1.7B Stage1 $\beta=0.1$,beta01,50,MBPP+,val-core/MBPP+/acc/pass@1,0.5158730158730159
Cold-start 1.7B Stage1 $\beta=0.1$,beta01,50,LiveCodeBench,val-core/LiveCodeBench/acc/pass@1,0.1484375
Cold-start 1.7B Stage1 $\beta=0.1$,beta01,50,Rollout correct ratio,wdl_sft/correct_ratio,0.50390625
Cold-start 1.7B Stage1 $\beta=0.1$,beta01,50,HumanEval+ extraction fail,val-aux/HumanEval+/code_reward_extraction_fail/mean@1,0.0
Cold-start 1.7B Stage1 $\beta=0.1$,beta01,50,Gradient norm,actor/grad_norm,8.21684455871582
Cold-start 1.7B Stage1 $\beta=0.1$,beta01,51,Rollout correct ratio,wdl_sft/correct_ratio,0.47265625
Cold-start 1.7B Stage1 $\beta=0.1$,beta01,51,Gradient norm,actor/grad_norm,7.8755717277526855
Cold-start 1.7B Stage1 $\beta=0.1$,beta01,52,Rollout correct ratio,wdl_sft/correct_ratio,0.43359375
Cold-start 1.7B Stage1 $\beta=0.1$,beta01,52,Gradient norm,actor/grad_norm,7.968156337738037
Cold-start 1.7B Stage1 $\beta=0.1$,beta01,53,Rollout correct ratio,wdl_sft/correct_ratio,0.49609375
Cold-start 1.7B Stage1 $\beta=0.1$,beta01,53,Gradient norm,actor/grad_norm,7.858474254608154
Cold-start 1.7B Stage1 $\beta=0.1$,beta01,54,Rollout correct ratio,wdl_sft/correct_ratio,0.4453125
Cold-start 1.7B Stage1 $\beta=0.1$,beta01,54,Gradient norm,actor/grad_norm,10.168863296508789
Cold-start 1.7B Stage1 $\beta=0.1$,beta01,55,HumanEval+,val-core/HumanEval+/acc/pass@1,0.4878048780487805
Cold-start 1.7B Stage1 $\beta=0.1$,beta01,55,MBPP+,val-core/MBPP+/acc/pass@1,0.5158730158730159
Cold-start 1.7B Stage1 $\beta=0.1$,beta01,55,LiveCodeBench,val-core/LiveCodeBench/acc/pass@1,0.140625
Cold-start 1.7B Stage1 $\beta=0.1$,beta01,55,Rollout correct ratio,wdl_sft/correct_ratio,0.455078125
Cold-start 1.7B Stage1 $\beta=0.1$,beta01,55,HumanEval+ extraction fail,val-aux/HumanEval+/code_reward_extraction_fail/mean@1,0.0
Cold-start 1.7B Stage1 $\beta=0.1$,beta01,55,Gradient norm,actor/grad_norm,7.148714065551758
Cold-start 1.7B Stage1 $\beta=0.1$,beta01,56,Rollout correct ratio,wdl_sft/correct_ratio,0.388671875
Cold-start 1.7B Stage1 $\beta=0.1$,beta01,56,Gradient norm,actor/grad_norm,9.21338176727295
Cold-start 1.7B Stage1 $\beta=0.1$,beta01,57,Rollout correct ratio,wdl_sft/correct_ratio,0.46875
Cold-start 1.7B Stage1 $\beta=0.1$,beta01,57,Gradient norm,actor/grad_norm,8.641530990600586
Cold-start 1.7B Stage1 $\beta=0.1$,beta01,58,Rollout correct ratio,wdl_sft/correct_ratio,0.435546875
Cold-start 1.7B Stage1 $\beta=0.1$,beta01,58,Gradient norm,actor/grad_norm,8.87826919555664
Cold-start 1.7B Stage1 $\beta=0.1$,beta01,59,Rollout correct ratio,wdl_sft/correct_ratio,0.46484375
Cold-start 1.7B Stage1 $\beta=0.1$,beta01,59,Gradient norm,actor/grad_norm,7.769983768463135
Cold-start 1.7B Stage1 $\beta=0.1$,beta01,60,HumanEval+,val-core/HumanEval+/acc/pass@1,0.4817073170731707
Cold-start 1.7B Stage1 $\beta=0.1$,beta01,60,MBPP+,val-core/MBPP+/acc/pass@1,0.4973544973544973
Cold-start 1.7B Stage1 $\beta=0.1$,beta01,60,LiveCodeBench,val-core/LiveCodeBench/acc/pass@1,0.1484375
Cold-start 1.7B Stage1 $\beta=0.1$,beta01,60,Rollout correct ratio,wdl_sft/correct_ratio,0.423828125
Cold-start 1.7B Stage1 $\beta=0.1$,beta01,60,HumanEval+ extraction fail,val-aux/HumanEval+/code_reward_extraction_fail/mean@1,0.012195121951219513
Cold-start 1.7B Stage1 $\beta=0.1$,beta01,60,Gradient norm,actor/grad_norm,7.402363300323486
Cold-start 1.7B Stage1 $\beta=0.1$,beta01,61,Rollout correct ratio,wdl_sft/correct_ratio,0.46484375
Cold-start 1.7B Stage1 $\beta=0.1$,beta01,61,Gradient norm,actor/grad_norm,7.915430068969727
Cold-start 1.7B Stage1 $\beta=0.1$,beta01,62,Rollout correct ratio,wdl_sft/correct_ratio,0.41015625
Cold-start 1.7B Stage1 $\beta=0.1$,beta01,62,Gradient norm,actor/grad_norm,9.516162872314453
Cold-start 1.7B Stage1 $\beta=0.1$,beta01,63,Rollout correct ratio,wdl_sft/correct_ratio,0.45703125
Cold-start 1.7B Stage1 $\beta=0.1$,beta01,63,Gradient norm,actor/grad_norm,7.734957218170166
Cold-start 1.7B Stage1 $\beta=0.1$,beta01,64,Rollout correct ratio,wdl_sft/correct_ratio,0.4140625
Cold-start 1.7B Stage1 $\beta=0.1$,beta01,64,Gradient norm,actor/grad_norm,8.252656936645508
Cold-start 1.7B Stage1 $\beta=0.1$,beta01,65,HumanEval+,val-core/HumanEval+/acc/pass@1,0.49390243902439024
Cold-start 1.7B Stage1 $\beta=0.1$,beta01,65,MBPP+,val-core/MBPP+/acc/pass@1,0.5158730158730159
Cold-start 1.7B Stage1 $\beta=0.1$,beta01,65,LiveCodeBench,val-core/LiveCodeBench/acc/pass@1,0.171875
Cold-start 1.7B Stage1 $\beta=0.1$,beta01,65,Rollout correct ratio,wdl_sft/correct_ratio,0.46484375
Cold-start 1.7B Stage1 $\beta=0.1$,beta01,65,HumanEval+ extraction fail,val-aux/HumanEval+/code_reward_extraction_fail/mean@1,0.006097560975609756
Cold-start 1.7B Stage1 $\beta=0.1$,beta01,65,Gradient norm,actor/grad_norm,8.339192390441895
Cold-start 1.7B Stage1 $\beta=0.1$,beta01,66,Rollout correct ratio,wdl_sft/correct_ratio,0.509765625
Cold-start 1.7B Stage1 $\beta=0.1$,beta01,66,Gradient norm,actor/grad_norm,6.505254745483398
Cold-start 1.7B Stage1 $\beta=0.1$,beta01,67,Rollout correct ratio,wdl_sft/correct_ratio,0.490234375
Cold-start 1.7B Stage1 $\beta=0.1$,beta01,67,Gradient norm,actor/grad_norm,7.590167045593262
Cold-start 1.7B Stage1 $\beta=0.1$,beta01,68,Rollout correct ratio,wdl_sft/correct_ratio,0.416015625
Cold-start 1.7B Stage1 $\beta=0.1$,beta01,68,Gradient norm,actor/grad_norm,9.395133018493652
Cold-start 1.7B Stage1 $\beta=0.1$,beta01,69,Rollout correct ratio,wdl_sft/correct_ratio,0.443359375
Cold-start 1.7B Stage1 $\beta=0.1$,beta01,69,Gradient norm,actor/grad_norm,7.588437557220459
Cold-start 1.7B Stage1 $\beta=0.1$,beta01,70,HumanEval+,val-core/HumanEval+/acc/pass@1,0.5
Cold-start 1.7B Stage1 $\beta=0.1$,beta01,70,MBPP+,val-core/MBPP+/acc/pass@1,0.5211640211640212
Cold-start 1.7B Stage1 $\beta=0.1$,beta01,70,LiveCodeBench,val-core/LiveCodeBench/acc/pass@1,0.1328125
Cold-start 1.7B Stage1 $\beta=0.1$,beta01,70,Rollout correct ratio,wdl_sft/correct_ratio,0.439453125
Cold-start 1.7B Stage1 $\beta=0.1$,beta01,70,HumanEval+ extraction fail,val-aux/HumanEval+/code_reward_extraction_fail/mean@1,0.006097560975609756
Cold-start 1.7B Stage1 $\beta=0.1$,beta01,70,Gradient norm,actor/grad_norm,8.654704093933105
Cold-start 1.7B Stage1 $\beta=0.1$,beta01,71,Rollout correct ratio,wdl_sft/correct_ratio,0.3984375
Cold-start 1.7B Stage1 $\beta=0.1$,beta01,71,Gradient norm,actor/grad_norm,9.462004661560059
Cold-start 1.7B Stage1 $\beta=0.1$,beta01,72,Rollout correct ratio,wdl_sft/correct_ratio,0.447265625
Cold-start 1.7B Stage1 $\beta=0.1$,beta01,72,Gradient norm,actor/grad_norm,7.621694087982178
Cold-start 1.7B Stage1 $\beta=0.1$,beta01,73,Rollout correct ratio,wdl_sft/correct_ratio,0.45703125
Cold-start 1.7B Stage1 $\beta=0.1$,beta01,73,Gradient norm,actor/grad_norm,9.020442008972168
Cold-start 1.7B Stage1 $\beta=0.1$,beta01,74,Rollout correct ratio,wdl_sft/correct_ratio,0.359375
Cold-start 1.7B Stage1 $\beta=0.1$,beta01,74,Gradient norm,actor/grad_norm,9.619194030761719
Cold-start 1.7B Stage1 $\beta=0.1$,beta01,75,HumanEval+,val-core/HumanEval+/acc/pass@1,0.47560975609756095
Cold-start 1.7B Stage1 $\beta=0.1$,beta01,75,MBPP+,val-core/MBPP+/acc/pass@1,0.5052910052910053
Cold-start 1.7B Stage1 $\beta=0.1$,beta01,75,LiveCodeBench,val-core/LiveCodeBench/acc/pass@1,0.1484375
Cold-start 1.7B Stage1 $\beta=0.1$,beta01,75,Rollout correct ratio,wdl_sft/correct_ratio,0.513671875
Cold-start 1.7B Stage1 $\beta=0.1$,beta01,75,HumanEval+ extraction fail,val-aux/HumanEval+/code_reward_extraction_fail/mean@1,0.012195121951219513
Cold-start 1.7B Stage1 $\beta=0.1$,beta01,75,Gradient norm,actor/grad_norm,7.901623249053955
Cold-start 1.7B Stage1 $\beta=0.1$,beta01,76,Rollout correct ratio,wdl_sft/correct_ratio,0.5546875
Cold-start 1.7B Stage1 $\beta=0.1$,beta01,76,Gradient norm,actor/grad_norm,7.469186782836914
Cold-start 1.7B Stage1 $\beta=0.1$,beta01,77,Rollout correct ratio,wdl_sft/correct_ratio,0.50390625
Cold-start 1.7B Stage1 $\beta=0.1$,beta01,77,Gradient norm,actor/grad_norm,7.699380874633789
Cold-start 1.7B Stage1 $\beta=0.1$,beta01,78,Rollout correct ratio,wdl_sft/correct_ratio,0.40625
Cold-start 1.7B Stage1 $\beta=0.1$,beta01,78,Gradient norm,actor/grad_norm,7.974114418029785
Cold-start 1.7B Stage1 $\beta=0.1$,beta01,79,Rollout correct ratio,wdl_sft/correct_ratio,0.517578125
Cold-start 1.7B Stage1 $\beta=0.1$,beta01,79,Gradient norm,actor/grad_norm,7.161762237548828
Cold-start 1.7B Stage1 $\beta=0.1$,beta01,80,HumanEval+,val-core/HumanEval+/acc/pass@1,0.4817073170731707
Cold-start 1.7B Stage1 $\beta=0.1$,beta01,80,MBPP+,val-core/MBPP+/acc/pass@1,0.5132275132275133
Cold-start 1.7B Stage1 $\beta=0.1$,beta01,80,LiveCodeBench,val-core/LiveCodeBench/acc/pass@1,0.1484375
Cold-start 1.7B Stage1 $\beta=0.1$,beta01,80,Rollout correct ratio,wdl_sft/correct_ratio,0.537109375
Cold-start 1.7B Stage1 $\beta=0.1$,beta01,80,HumanEval+ extraction fail,val-aux/HumanEval+/code_reward_extraction_fail/mean@1,0.0
Cold-start 1.7B Stage1 $\beta=0.1$,beta01,80,Gradient norm,actor/grad_norm,7.726818084716797
Cold-start 1.7B Stage1 $\beta=0.1$,beta01,81,Rollout correct ratio,wdl_sft/correct_ratio,0.416015625
Cold-start 1.7B Stage1 $\beta=0.1$,beta01,81,Gradient norm,actor/grad_norm,9.0072660446167
Cold-start 1.7B Stage1 $\beta=0.1$,beta01,82,Rollout correct ratio,wdl_sft/correct_ratio,0.37109375
Cold-start 1.7B Stage1 $\beta=0.1$,beta01,82,Gradient norm,actor/grad_norm,8.042867660522461
Cold-start 1.7B Stage1 $\beta=0.1$,beta01,83,Rollout correct ratio,wdl_sft/correct_ratio,0.44140625
Cold-start 1.7B Stage1 $\beta=0.1$,beta01,83,Gradient norm,actor/grad_norm,9.159014701843262
Cold-start 1.7B Stage1 $\beta=0.1$,beta01,84,Rollout correct ratio,wdl_sft/correct_ratio,0.501953125
Cold-start 1.7B Stage1 $\beta=0.1$,beta01,84,Gradient norm,actor/grad_norm,9.080302238464355
Cold-start 1.7B Stage1 $\beta=0.1$,beta01,85,HumanEval+,val-core/HumanEval+/acc/pass@1,0.5
Cold-start 1.7B Stage1 $\beta=0.1$,beta01,85,MBPP+,val-core/MBPP+/acc/pass@1,0.48677248677248675
Cold-start 1.7B Stage1 $\beta=0.1$,beta01,85,LiveCodeBench,val-core/LiveCodeBench/acc/pass@1,0.1328125
Cold-start 1.7B Stage1 $\beta=0.1$,beta01,85,Rollout correct ratio,wdl_sft/correct_ratio,0.494140625
Cold-start 1.7B Stage1 $\beta=0.1$,beta01,85,HumanEval+ extraction fail,val-aux/HumanEval+/code_reward_extraction_fail/mean@1,0.006097560975609756
Cold-start 1.7B Stage1 $\beta=0.1$,beta01,85,Gradient norm,actor/grad_norm,7.660703182220459
Cold-start 1.7B Stage1 $\beta=0.1$,beta01,86,Rollout correct ratio,wdl_sft/correct_ratio,0.3828125
Cold-start 1.7B Stage1 $\beta=0.1$,beta01,86,Gradient norm,actor/grad_norm,8.413692474365234
Cold-start 1.7B Stage1 $\beta=0.1$,beta01,87,Rollout correct ratio,wdl_sft/correct_ratio,0.44921875
Cold-start 1.7B Stage1 $\beta=0.1$,beta01,87,Gradient norm,actor/grad_norm,7.689579963684082
Cold-start 1.7B Stage1 $\beta=0.1$,beta01,88,Rollout correct ratio,wdl_sft/correct_ratio,0.365234375
Cold-start 1.7B Stage1 $\beta=0.1$,beta01,88,Gradient norm,actor/grad_norm,10.186351776123047
Cold-start 1.7B Stage1 $\beta=0.1$,beta01,89,Rollout correct ratio,wdl_sft/correct_ratio,0.564453125
Cold-start 1.7B Stage1 $\beta=0.1$,beta01,89,Gradient norm,actor/grad_norm,6.555694103240967
Cold-start 1.7B Stage1 $\beta=0.1$,beta01,90,HumanEval+,val-core/HumanEval+/acc/pass@1,0.5060975609756098
Cold-start 1.7B Stage1 $\beta=0.1$,beta01,90,MBPP+,val-core/MBPP+/acc/pass@1,0.4973544973544973
Cold-start 1.7B Stage1 $\beta=0.1$,beta01,90,LiveCodeBench,val-core/LiveCodeBench/acc/pass@1,0.140625
Cold-start 1.7B Stage1 $\beta=0.1$,beta01,90,Rollout correct ratio,wdl_sft/correct_ratio,0.369140625
Cold-start 1.7B Stage1 $\beta=0.1$,beta01,90,HumanEval+ extraction fail,val-aux/HumanEval+/code_reward_extraction_fail/mean@1,0.006097560975609756
Cold-start 1.7B Stage1 $\beta=0.1$,beta01,90,Gradient norm,actor/grad_norm,9.513178825378418
Cold-start 1.7B Stage1 $\beta=0.1$,beta01,91,Rollout correct ratio,wdl_sft/correct_ratio,0.53125
Cold-start 1.7B Stage1 $\beta=0.1$,beta01,91,Gradient norm,actor/grad_norm,6.6010918617248535
Cold-start 1.7B Stage1 $\beta=0.1$,beta01,92,Rollout correct ratio,wdl_sft/correct_ratio,0.451171875
Cold-start 1.7B Stage1 $\beta=0.1$,beta01,92,Gradient norm,actor/grad_norm,8.287718772888184
Cold-start 1.7B Stage1 $\beta=0.1$,beta01,93,Rollout correct ratio,wdl_sft/correct_ratio,0.45703125
Cold-start 1.7B Stage1 $\beta=0.1$,beta01,93,Gradient norm,actor/grad_norm,9.045393943786621
Cold-start 1.7B Stage1 $\beta=0.1$,beta01,94,Rollout correct ratio,wdl_sft/correct_ratio,0.44921875
Cold-start 1.7B Stage1 $\beta=0.1$,beta01,94,Gradient norm,actor/grad_norm,8.267457962036133
Cold-start 1.7B Stage1 $\beta=0.1$,beta01,95,HumanEval+,val-core/HumanEval+/acc/pass@1,0.5182926829268293
Cold-start 1.7B Stage1 $\beta=0.1$,beta01,95,MBPP+,val-core/MBPP+/acc/pass@1,0.5026455026455027
Cold-start 1.7B Stage1 $\beta=0.1$,beta01,95,LiveCodeBench,val-core/LiveCodeBench/acc/pass@1,0.1484375
Cold-start 1.7B Stage1 $\beta=0.1$,beta01,95,Rollout correct ratio,wdl_sft/correct_ratio,0.5078125
Cold-start 1.7B Stage1 $\beta=0.1$,beta01,95,HumanEval+ extraction fail,val-aux/HumanEval+/code_reward_extraction_fail/mean@1,0.006097560975609756
Cold-start 1.7B Stage1 $\beta=0.1$,beta01,95,Gradient norm,actor/grad_norm,7.617353439331055
Cold-start 1.7B Stage1 $\beta=0.1$,beta01,96,Rollout correct ratio,wdl_sft/correct_ratio,0.345703125
Cold-start 1.7B Stage1 $\beta=0.1$,beta01,96,Gradient norm,actor/grad_norm,9.680220603942871
Cold-start 1.7B Stage1 $\beta=0.1$,beta01,97,Rollout correct ratio,wdl_sft/correct_ratio,0.41796875
Cold-start 1.7B Stage1 $\beta=0.1$,beta01,97,Gradient norm,actor/grad_norm,7.9574689865112305
Cold-start 1.7B Stage1 $\beta=0.1$,beta01,98,Rollout correct ratio,wdl_sft/correct_ratio,0.380859375
Cold-start 1.7B Stage1 $\beta=0.1$,beta01,98,Gradient norm,actor/grad_norm,8.748820304870605
Cold-start 1.7B Stage1 $\beta=0.1$,beta01,99,Rollout correct ratio,wdl_sft/correct_ratio,0.4140625
Cold-start 1.7B Stage1 $\beta=0.1$,beta01,99,Gradient norm,actor/grad_norm,8.352395057678223
Cold-start 1.7B Stage1 $\beta=0.1$,beta01,100,HumanEval+,val-core/HumanEval+/acc/pass@1,0.5121951219512195
Cold-start 1.7B Stage1 $\beta=0.1$,beta01,100,MBPP+,val-core/MBPP+/acc/pass@1,0.49206349206349204
Cold-start 1.7B Stage1 $\beta=0.1$,beta01,100,LiveCodeBench,val-core/LiveCodeBench/acc/pass@1,0.1484375
Cold-start 1.7B Stage1 $\beta=0.1$,beta01,100,Rollout correct ratio,wdl_sft/correct_ratio,0.4453125
Cold-start 1.7B Stage1 $\beta=0.1$,beta01,100,HumanEval+ extraction fail,val-aux/HumanEval+/code_reward_extraction_fail/mean@1,0.012195121951219513
Cold-start 1.7B Stage1 $\beta=0.1$,beta01,100,Gradient norm,actor/grad_norm,8.582320213317871
Cold-start 1.7B Stage1 $\beta=0.1$,beta01,101,Rollout correct ratio,wdl_sft/correct_ratio,0.4375
Cold-start 1.7B Stage1 $\beta=0.1$,beta01,101,Gradient norm,actor/grad_norm,7.61134672164917
Cold-start 1.7B Stage1 $\beta=0.1$,beta01,102,Rollout correct ratio,wdl_sft/correct_ratio,0.45703125
Cold-start 1.7B Stage1 $\beta=0.1$,beta01,102,Gradient norm,actor/grad_norm,7.556772708892822
Cold-start 1.7B Stage1 $\beta=0.1$,beta01,103,Rollout correct ratio,wdl_sft/correct_ratio,0.421875
Cold-start 1.7B Stage1 $\beta=0.1$,beta01,103,Gradient norm,actor/grad_norm,9.56015396118164
Cold-start 1.7B Stage1 $\beta=0.1$,beta01,104,Rollout correct ratio,wdl_sft/correct_ratio,0.451171875
Cold-start 1.7B Stage1 $\beta=0.1$,beta01,104,Gradient norm,actor/grad_norm,7.880890846252441
Cold-start 1.7B Stage1 $\beta=0.1$,beta01,105,HumanEval+,val-core/HumanEval+/acc/pass@1,0.49390243902439024
Cold-start 1.7B Stage1 $\beta=0.1$,beta01,105,MBPP+,val-core/MBPP+/acc/pass@1,0.5132275132275133
Cold-start 1.7B Stage1 $\beta=0.1$,beta01,105,LiveCodeBench,val-core/LiveCodeBench/acc/pass@1,0.1484375
Cold-start 1.7B Stage1 $\beta=0.1$,beta01,105,Rollout correct ratio,wdl_sft/correct_ratio,0.43359375
Cold-start 1.7B Stage1 $\beta=0.1$,beta01,105,HumanEval+ extraction fail,val-aux/HumanEval+/code_reward_extraction_fail/mean@1,0.018292682926829267
Cold-start 1.7B Stage1 $\beta=0.1$,beta01,105,Gradient norm,actor/grad_norm,9.559494018554688
Cold-start 1.7B Stage1 $\beta=0.1$,beta01,106,Rollout correct ratio,wdl_sft/correct_ratio,0.466796875
Cold-start 1.7B Stage1 $\beta=0.1$,beta01,106,Gradient norm,actor/grad_norm,7.126173496246338
Cold-start 1.7B Stage1 $\beta=0.1$,beta01,107,Rollout correct ratio,wdl_sft/correct_ratio,0.400390625
Cold-start 1.7B Stage1 $\beta=0.1$,beta01,107,Gradient norm,actor/grad_norm,8.49760627746582
Cold-start 1.7B Stage1 $\beta=0.1$,beta01,108,Rollout correct ratio,wdl_sft/correct_ratio,0.453125
Cold-start 1.7B Stage1 $\beta=0.1$,beta01,108,Gradient norm,actor/grad_norm,7.823249816894531
Cold-start 1.7B Stage1 $\beta=0.1$,beta01,109,Rollout correct ratio,wdl_sft/correct_ratio,0.404296875
Cold-start 1.7B Stage1 $\beta=0.1$,beta01,109,Gradient norm,actor/grad_norm,9.090185165405273
Cold-start 1.7B Stage1 $\beta=0.1$,beta01,110,HumanEval+,val-core/HumanEval+/acc/pass@1,0.5060975609756098
Cold-start 1.7B Stage1 $\beta=0.1$,beta01,110,MBPP+,val-core/MBPP+/acc/pass@1,0.49206349206349204
Cold-start 1.7B Stage1 $\beta=0.1$,beta01,110,LiveCodeBench,val-core/LiveCodeBench/acc/pass@1,0.1796875
Cold-start 1.7B Stage1 $\beta=0.1$,beta01,110,Rollout correct ratio,wdl_sft/correct_ratio,0.4609375
Cold-start 1.7B Stage1 $\beta=0.1$,beta01,110,HumanEval+ extraction fail,val-aux/HumanEval+/code_reward_extraction_fail/mean@1,0.0
Cold-start 1.7B Stage1 $\beta=0.1$,beta01,110,Gradient norm,actor/grad_norm,7.6323933601379395
Cold-start 1.7B Stage1 $\beta=0.1$,beta01,111,Rollout correct ratio,wdl_sft/correct_ratio,0.513671875
Cold-start 1.7B Stage1 $\beta=0.1$,beta01,111,Gradient norm,actor/grad_norm,7.199230194091797
Cold-start 1.7B Stage1 $\beta=0.1$,beta01,112,Rollout correct ratio,wdl_sft/correct_ratio,0.494140625
Cold-start 1.7B Stage1 $\beta=0.1$,beta01,112,Gradient norm,actor/grad_norm,8.266927719116211
Cold-start 1.7B Stage1 $\beta=0.1$,beta01,113,Rollout correct ratio,wdl_sft/correct_ratio,0.4296875
Cold-start 1.7B Stage1 $\beta=0.1$,beta01,113,Gradient norm,actor/grad_norm,8.718259811401367
Cold-start 1.7B Stage1 $\beta=0.1$,beta01,114,Rollout correct ratio,wdl_sft/correct_ratio,0.482421875
Cold-start 1.7B Stage1 $\beta=0.1$,beta01,114,Gradient norm,actor/grad_norm,7.804617404937744
Cold-start 1.7B Stage1 $\beta=0.1$,beta01,115,HumanEval+,val-core/HumanEval+/acc/pass@1,0.524390243902439
Cold-start 1.7B Stage1 $\beta=0.1$,beta01,115,MBPP+,val-core/MBPP+/acc/pass@1,0.5105820105820106
Cold-start 1.7B Stage1 $\beta=0.1$,beta01,115,LiveCodeBench,val-core/LiveCodeBench/acc/pass@1,0.1640625
Cold-start 1.7B Stage1 $\beta=0.1$,beta01,115,Rollout correct ratio,wdl_sft/correct_ratio,0.46875
Cold-start 1.7B Stage1 $\beta=0.1$,beta01,115,HumanEval+ extraction fail,val-aux/HumanEval+/code_reward_extraction_fail/mean@1,0.0
Cold-start 1.7B Stage1 $\beta=0.1$,beta01,115,Gradient norm,actor/grad_norm,8.088523864746094
Cold-start 1.7B Stage1 $\beta=0.1$,beta01,116,Rollout correct ratio,wdl_sft/correct_ratio,0.33984375
Cold-start 1.7B Stage1 $\beta=0.1$,beta01,116,Gradient norm,actor/grad_norm,10.065381050109863
Cold-start 1.7B Stage1 $\beta=0.1$,beta01,117,Rollout correct ratio,wdl_sft/correct_ratio,0.443359375
Cold-start 1.7B Stage1 $\beta=0.1$,beta01,117,Gradient norm,actor/grad_norm,8.939133644104004
Cold-start 1.7B Stage1 $\beta=0.1$,beta01,118,Rollout correct ratio,wdl_sft/correct_ratio,0.435546875
Cold-start 1.7B Stage1 $\beta=0.1$,beta01,118,Gradient norm,actor/grad_norm,8.505088806152344
Cold-start 1.7B Stage1 $\beta=0.1$,beta01,119,Rollout correct ratio,wdl_sft/correct_ratio,0.44140625
Cold-start 1.7B Stage1 $\beta=0.1$,beta01,119,Gradient norm,actor/grad_norm,8.102763175964355
Cold-start 1.7B Stage1 $\beta=0.1$,beta01,120,HumanEval+,val-core/HumanEval+/acc/pass@1,0.5
Cold-start 1.7B Stage1 $\beta=0.1$,beta01,120,MBPP+,val-core/MBPP+/acc/pass@1,0.5211640211640212
Cold-start 1.7B Stage1 $\beta=0.1$,beta01,120,LiveCodeBench,val-core/LiveCodeBench/acc/pass@1,0.171875
Cold-start 1.7B Stage1 $\beta=0.1$,beta01,120,Rollout correct ratio,wdl_sft/correct_ratio,0.482421875
Cold-start 1.7B Stage1 $\beta=0.1$,beta01,120,HumanEval+ extraction fail,val-aux/HumanEval+/code_reward_extraction_fail/mean@1,0.006097560975609756
Cold-start 1.7B Stage1 $\beta=0.1$,beta01,120,Gradient norm,actor/grad_norm,7.5814032554626465
Cold-start 1.7B Stage1 $\beta=0.1$,beta01,121,Rollout correct ratio,wdl_sft/correct_ratio,0.380859375
Cold-start 1.7B Stage1 $\beta=0.1$,beta01,121,Gradient norm,actor/grad_norm,12.239556312561035
Cold-start 1.7B Stage1 $\beta=0.1$,beta01,122,Rollout correct ratio,wdl_sft/correct_ratio,0.48828125
Cold-start 1.7B Stage1 $\beta=0.1$,beta01,122,Gradient norm,actor/grad_norm,7.270295143127441
Cold-start 1.7B Stage1 $\beta=0.1$,beta01,123,Rollout correct ratio,wdl_sft/correct_ratio,0.447265625
Cold-start 1.7B Stage1 $\beta=0.1$,beta01,123,Gradient norm,actor/grad_norm,8.58365249633789
Cold-start 1.7B Stage1 $\beta=0.1$,beta01,124,Rollout correct ratio,wdl_sft/correct_ratio,0.431640625
Cold-start 1.7B Stage1 $\beta=0.1$,beta01,124,Gradient norm,actor/grad_norm,8.41673755645752
Cold-start 1.7B Stage1 $\beta=0.1$,beta01,125,HumanEval+,val-core/HumanEval+/acc/pass@1,0.4634146341463415
Cold-start 1.7B Stage1 $\beta=0.1$,beta01,125,MBPP+,val-core/MBPP+/acc/pass@1,0.5026455026455027
Cold-start 1.7B Stage1 $\beta=0.1$,beta01,125,LiveCodeBench,val-core/LiveCodeBench/acc/pass@1,0.1796875
Cold-start 1.7B Stage1 $\beta=0.1$,beta01,125,Rollout correct ratio,wdl_sft/correct_ratio,0.474609375
Cold-start 1.7B Stage1 $\beta=0.1$,beta01,125,HumanEval+ extraction fail,val-aux/HumanEval+/code_reward_extraction_fail/mean@1,0.012195121951219513
Cold-start 1.7B Stage1 $\beta=0.1$,beta01,125,Gradient norm,actor/grad_norm,8.280956268310547
Cold-start 1.7B Stage1 $\beta=0.1$,beta01,126,Rollout correct ratio,wdl_sft/correct_ratio,0.48828125
Cold-start 1.7B Stage1 $\beta=0.1$,beta01,126,Gradient norm,actor/grad_norm,7.460448265075684
Cold-start 1.7B Stage1 $\beta=0.1$,beta01,127,Rollout correct ratio,wdl_sft/correct_ratio,0.5
Cold-start 1.7B Stage1 $\beta=0.1$,beta01,127,Gradient norm,actor/grad_norm,7.231330871582031
Cold-start 1.7B Stage1 $\beta=0.1$,beta01,128,Rollout correct ratio,wdl_sft/correct_ratio,0.455078125
Cold-start 1.7B Stage1 $\beta=0.1$,beta01,128,Gradient norm,actor/grad_norm,8.62830638885498
Cold-start 1.7B Stage1 $\beta=0.1$,beta01,129,Rollout correct ratio,wdl_sft/correct_ratio,0.482421875
Cold-start 1.7B Stage1 $\beta=0.1$,beta01,129,Gradient norm,actor/grad_norm,7.967708110809326
Cold-start 1.7B Stage1 $\beta=0.1$,beta01,130,HumanEval+,val-core/HumanEval+/acc/pass@1,0.47560975609756095
Cold-start 1.7B Stage1 $\beta=0.1$,beta01,130,MBPP+,val-core/MBPP+/acc/pass@1,0.5079365079365079
Cold-start 1.7B Stage1 $\beta=0.1$,beta01,130,LiveCodeBench,val-core/LiveCodeBench/acc/pass@1,0.171875
Cold-start 1.7B Stage1 $\beta=0.1$,beta01,130,Rollout correct ratio,wdl_sft/correct_ratio,0.53515625
Cold-start 1.7B Stage1 $\beta=0.1$,beta01,130,HumanEval+ extraction fail,val-aux/HumanEval+/code_reward_extraction_fail/mean@1,0.006097560975609756
Cold-start 1.7B Stage1 $\beta=0.1$,beta01,130,Gradient norm,actor/grad_norm,6.751811981201172
Cold-start 1.7B Stage1 $\beta=0.1$,beta01,131,Rollout correct ratio,wdl_sft/correct_ratio,0.4921875
Cold-start 1.7B Stage1 $\beta=0.1$,beta01,131,Gradient norm,actor/grad_norm,6.989511966705322
Cold-start 1.7B Stage1 $\beta=0.1$,beta01,132,Rollout correct ratio,wdl_sft/correct_ratio,0.494140625
Cold-start 1.7B Stage1 $\beta=0.1$,beta01,132,Gradient norm,actor/grad_norm,7.909482479095459
Cold-start 1.7B Stage1 $\beta=0.1$,beta01,133,Rollout correct ratio,wdl_sft/correct_ratio,0.447265625
Cold-start 1.7B Stage1 $\beta=0.1$,beta01,133,Gradient norm,actor/grad_norm,9.190776824951172
Cold-start 1.7B Stage1 $\beta=0.1$,beta01,134,Rollout correct ratio,wdl_sft/correct_ratio,0.49609375
Cold-start 1.7B Stage1 $\beta=0.1$,beta01,134,Gradient norm,actor/grad_norm,7.120001792907715
Cold-start 1.7B Stage1 $\beta=0.1$,beta01,135,HumanEval+,val-core/HumanEval+/acc/pass@1,0.5060975609756098
Cold-start 1.7B Stage1 $\beta=0.1$,beta01,135,MBPP+,val-core/MBPP+/acc/pass@1,0.5211640211640212
Cold-start 1.7B Stage1 $\beta=0.1$,beta01,135,LiveCodeBench,val-core/LiveCodeBench/acc/pass@1,0.1640625
Cold-start 1.7B Stage1 $\beta=0.1$,beta01,135,Rollout correct ratio,wdl_sft/correct_ratio,0.330078125
Cold-start 1.7B Stage1 $\beta=0.1$,beta01,135,HumanEval+ extraction fail,val-aux/HumanEval+/code_reward_extraction_fail/mean@1,0.0
Cold-start 1.7B Stage1 $\beta=0.1$,beta01,135,Gradient norm,actor/grad_norm,9.928410530090332
Cold-start 1.7B Stage1 $\beta=0.1$,beta01,136,Rollout correct ratio,wdl_sft/correct_ratio,0.47265625
Cold-start 1.7B Stage1 $\beta=0.1$,beta01,136,Gradient norm,actor/grad_norm,7.965784072875977
Cold-start 1.7B Stage1 $\beta=0.1$,beta01,137,Rollout correct ratio,wdl_sft/correct_ratio,0.419921875
Cold-start 1.7B Stage1 $\beta=0.1$,beta01,137,Gradient norm,actor/grad_norm,8.250909805297852
Cold-start 1.7B Stage1 $\beta=0.1$,beta01,138,Rollout correct ratio,wdl_sft/correct_ratio,0.521484375
Cold-start 1.7B Stage1 $\beta=0.1$,beta01,138,Gradient norm,actor/grad_norm,7.060918807983398
Cold-start 1.7B Stage1 $\beta=0.1$,beta01,139,Rollout correct ratio,wdl_sft/correct_ratio,0.509765625
Cold-start 1.7B Stage1 $\beta=0.1$,beta01,139,Gradient norm,actor/grad_norm,7.9693498611450195
Cold-start 1.7B Stage1 $\beta=0.1$,beta01,140,HumanEval+,val-core/HumanEval+/acc/pass@1,0.4817073170731707
Cold-start 1.7B Stage1 $\beta=0.1$,beta01,140,MBPP+,val-core/MBPP+/acc/pass@1,0.5079365079365079
Cold-start 1.7B Stage1 $\beta=0.1$,beta01,140,LiveCodeBench,val-core/LiveCodeBench/acc/pass@1,0.1953125
Cold-start 1.7B Stage1 $\beta=0.1$,beta01,140,Rollout correct ratio,wdl_sft/correct_ratio,0.4765625
Cold-start 1.7B Stage1 $\beta=0.1$,beta01,140,HumanEval+ extraction fail,val-aux/HumanEval+/code_reward_extraction_fail/mean@1,0.0
Cold-start 1.7B Stage1 $\beta=0.1$,beta01,140,Gradient norm,actor/grad_norm,7.586264610290527
Cold-start 1.7B Stage1 $\beta=0.1$,beta01,141,Rollout correct ratio,wdl_sft/correct_ratio,0.546875
Cold-start 1.7B Stage1 $\beta=0.1$,beta01,141,Gradient norm,actor/grad_norm,7.235233783721924
Cold-start 1.7B Stage1 $\beta=0.1$,beta01,142,Rollout correct ratio,wdl_sft/correct_ratio,0.462890625
Cold-start 1.7B Stage1 $\beta=0.1$,beta01,142,Gradient norm,actor/grad_norm,8.613229751586914
Cold-start 1.7B Stage1 $\beta=0.1$,beta01,143,Rollout correct ratio,wdl_sft/correct_ratio,0.47265625
Cold-start 1.7B Stage1 $\beta=0.1$,beta01,143,Gradient norm,actor/grad_norm,8.015876770019531
Cold-start 1.7B Stage1 $\beta=0.1$,beta01,144,Rollout correct ratio,wdl_sft/correct_ratio,0.447265625
Cold-start 1.7B Stage1 $\beta=0.1$,beta01,144,Gradient norm,actor/grad_norm,8.04389476776123
Cold-start 1.7B Stage1 $\beta=0.1$,beta01,145,HumanEval+,val-core/HumanEval+/acc/pass@1,0.49390243902439024
Cold-start 1.7B Stage1 $\beta=0.1$,beta01,145,MBPP+,val-core/MBPP+/acc/pass@1,0.5185185185185185
Cold-start 1.7B Stage1 $\beta=0.1$,beta01,145,LiveCodeBench,val-core/LiveCodeBench/acc/pass@1,0.1328125
Cold-start 1.7B Stage1 $\beta=0.1$,beta01,145,Rollout correct ratio,wdl_sft/correct_ratio,0.427734375
Cold-start 1.7B Stage1 $\beta=0.1$,beta01,145,HumanEval+ extraction fail,val-aux/HumanEval+/code_reward_extraction_fail/mean@1,0.0
Cold-start 1.7B Stage1 $\beta=0.1$,beta01,145,Gradient norm,actor/grad_norm,9.270965576171875
Cold-start 1.7B Stage1 $\beta=0.1$,beta01,146,Rollout correct ratio,wdl_sft/correct_ratio,0.4375
Cold-start 1.7B Stage1 $\beta=0.1$,beta01,146,Gradient norm,actor/grad_norm,9.642481803894043
Cold-start 1.7B Stage1 $\beta=0.1$,beta01,147,Rollout correct ratio,wdl_sft/correct_ratio,0.51953125
Cold-start 1.7B Stage1 $\beta=0.1$,beta01,147,Gradient norm,actor/grad_norm,7.995563507080078
Cold-start 1.7B Stage1 $\beta=0.1$,beta01,148,Rollout correct ratio,wdl_sft/correct_ratio,0.5078125
Cold-start 1.7B Stage1 $\beta=0.1$,beta01,148,Gradient norm,actor/grad_norm,8.265887260437012
Cold-start 1.7B Stage1 $\beta=0.1$,beta01,149,Rollout correct ratio,wdl_sft/correct_ratio,0.412109375
Cold-start 1.7B Stage1 $\beta=0.1$,beta01,149,Gradient norm,actor/grad_norm,9.765947341918945
Cold-start 1.7B Stage1 $\beta=0.1$,beta01,150,HumanEval+,val-core/HumanEval+/acc/pass@1,0.5
Cold-start 1.7B Stage1 $\beta=0.1$,beta01,150,MBPP+,val-core/MBPP+/acc/pass@1,0.5264550264550265
Cold-start 1.7B Stage1 $\beta=0.1$,beta01,150,LiveCodeBench,val-core/LiveCodeBench/acc/pass@1,0.15625
Cold-start 1.7B Stage1 $\beta=0.1$,beta01,150,Rollout correct ratio,wdl_sft/correct_ratio,0.412109375
Cold-start 1.7B Stage1 $\beta=0.1$,beta01,150,HumanEval+ extraction fail,val-aux/HumanEval+/code_reward_extraction_fail/mean@1,0.012195121951219513
Cold-start 1.7B Stage1 $\beta=0.1$,beta01,150,Gradient norm,actor/grad_norm,8.84960651397705
